insert into pecas (pk_idPeca, descricao, material, pesoNum, pesoUnidade, dimensaoNum, dimensaoUnidade) values (1, 'Válvula de regulagem', 'Aço', 1.25, 'Ton', 2.78, 'mm');
insert into pecas (pk_idPeca, descricao, material, pesoNum, pesoUnidade, dimensaoNum, dimensaoUnidade) values (2, 'Câmara de resfriamento', 'Ferro fundido', 1.73, 'kg', 2.89, 'cm');
insert into pecas (pk_idPeca, descricao, material, pesoNum, pesoUnidade, dimensaoNum, dimensaoUnidade) values (3, 'Trocador de calor', 'Cobre', 3.34, 'kg', 4.17, 'cm');
insert into pecas (pk_idPeca, descricao, material, pesoNum, pesoUnidade, dimensaoNum, dimensaoUnidade) values (4, 'Manômetro', 'Alumínio', 1.1, 'kg', 7.62, 'mm');
insert into pecas (pk_idPeca, descricao, material, pesoNum, pesoUnidade, dimensaoNum, dimensaoUnidade) values (5, 'Válvula de controle', 'Alumínio', 1.17, 'Ton', 5.15, 'pol');
insert into pecas (pk_idPeca, descricao, material, pesoNum, pesoUnidade, dimensaoNum, dimensaoUnidade) values (6, 'Mola de compressão', 'Alumínio', 1.11, 'Ton', 3.78, 'm');
insert into pecas (pk_idPeca, descricao, material, pesoNum, pesoUnidade, dimensaoNum, dimensaoUnidade) values (7, 'Câmara de combustão', 'Aço', 1.03, 'g', 4.84, 'm');
insert into pecas (pk_idPeca, descricao, material, pesoNum, pesoUnidade, dimensaoNum, dimensaoUnidade) values (8, 'Termopar', 'Ferro fundido', 3.04, 'Ton', 4.1, 'mm');
insert into pecas (pk_idPeca, descricao, material, pesoNum, pesoUnidade, dimensaoNum, dimensaoUnidade) values (9, 'Roldana', 'Alumínio', 1.0, 'kg', 2.33, 'm');
insert into pecas (pk_idPeca, descricao, material, pesoNum, pesoUnidade, dimensaoNum, dimensaoUnidade) values (10, 'Bocal de descarga', 'Ferro fundido', 1.1, 'g', 4.01, 'pol');
insert into pecas (pk_idPeca, descricao, material, pesoNum, pesoUnidade, dimensaoNum, dimensaoUnidade) values (11, 'Roldana', 'Aço', 1.14, 'g', 5.03, 'mm');
insert into pecas (pk_idPeca, descricao, material, pesoNum, pesoUnidade, dimensaoNum, dimensaoUnidade) values (12, 'Unidade de resfriamento', 'Alumínio', 1.06, 'g', 4.44, 'mm');
insert into pecas (pk_idPeca, descricao, material, pesoNum, pesoUnidade, dimensaoNum, dimensaoUnidade) values (13, 'Válvula de bloqueio', 'Alumínio', 2.62, 'g', 6.75, 'm');
insert into pecas (pk_idPeca, descricao, material, pesoNum, pesoUnidade, dimensaoNum, dimensaoUnidade) values (14, 'Transmissão', 'Aço', 3.75, 'Ton', 3.69, 'mm');
insert into pecas (pk_idPeca, descricao, material, pesoNum, pesoUnidade, dimensaoNum, dimensaoUnidade) values (15, 'Rolo de suporte', 'Aço', 1.65, 'Ton', 1.28, 'cm');
insert into pecas (pk_idPeca, descricao, material, pesoNum, pesoUnidade, dimensaoNum, dimensaoUnidade) values (16, 'Gerador de vapor', 'Cobre', 1.47, 'Ton', 2.98, 'pol');
insert into pecas (pk_idPeca, descricao, material, pesoNum, pesoUnidade, dimensaoNum, dimensaoUnidade) values (17, 'Parafuso de fixação', 'Cobre', 1.08, 'g', 1.98, 'm');
insert into pecas (pk_idPeca, descricao, material, pesoNum, pesoUnidade, dimensaoNum, dimensaoUnidade) values (18, 'Placa de identificação', 'Cobre', 3.53, 'g', 7.99, 'mm');
insert into pecas (pk_idPeca, descricao, material, pesoNum, pesoUnidade, dimensaoNum, dimensaoUnidade) values (19, 'Elemento sensor', 'Alumínio', 1.0, 'kg', 2.34, 'pol');
insert into pecas (pk_idPeca, descricao, material, pesoNum, pesoUnidade, dimensaoNum, dimensaoUnidade) values (20, 'Suporte de montagem', 'Alumínio', 2.21, 'Ton', 2.19, 'm');
insert into pecas (pk_idPeca, descricao, material, pesoNum, pesoUnidade, dimensaoNum, dimensaoUnidade) values (21, 'Acoplamento', 'Alumínio', 2.77, 'g', 4.26, 'cm');
insert into pecas (pk_idPeca, descricao, material, pesoNum, pesoUnidade, dimensaoNum, dimensaoUnidade) values (22, 'Mangote flexível', 'Cobre', 3.77, 'kg', 4.97, 'mm');
insert into pecas (pk_idPeca, descricao, material, pesoNum, pesoUnidade, dimensaoNum, dimensaoUnidade) values (23, 'Filtro de ar', 'Aço', 1.68, 'kg', 7.71, 'mm');
insert into pecas (pk_idPeca, descricao, material, pesoNum, pesoUnidade, dimensaoNum, dimensaoUnidade) values (24, 'Motor elétrico', 'Aço', 1.06, 'kg', 1.47, 'mm');
insert into pecas (pk_idPeca, descricao, material, pesoNum, pesoUnidade, dimensaoNum, dimensaoUnidade) values (25, 'Conjunto de molas', 'Cobre', 3.1, 'Ton', 3.3, 'mm');
insert into pecas (pk_idPeca, descricao, material, pesoNum, pesoUnidade, dimensaoNum, dimensaoUnidade) values (26, 'Estator', 'Cobre', 2.87, 'kg', 1.43, 'm');
insert into pecas (pk_idPeca, descricao, material, pesoNum, pesoUnidade, dimensaoNum, dimensaoUnidade) values (27, 'Chave de fenda', 'Cobre', 2.46, 'Ton', 1.75, 'cm');
insert into pecas (pk_idPeca, descricao, material, pesoNum, pesoUnidade, dimensaoNum, dimensaoUnidade) values (28, 'Cilindro hidráulico', 'Alumínio', 3.59, 'Ton', 6.06, 'cm');
insert into pecas (pk_idPeca, descricao, material, pesoNum, pesoUnidade, dimensaoNum, dimensaoUnidade) values (29, 'Correia transportadora', 'Alumínio', 1.88, 'Ton', 4.15, 'm');
insert into pecas (pk_idPeca, descricao, material, pesoNum, pesoUnidade, dimensaoNum, dimensaoUnidade) values (30, 'Sistema de exaustão', 'Alumínio', 2.33, 'g', 6.69, 'cm');
insert into pecas (pk_idPeca, descricao, material, pesoNum, pesoUnidade, dimensaoNum, dimensaoUnidade) values (31, 'Bico de pulverização', 'Ferro fundido', 1.63, 'kg', 5.09, 'pol');
insert into pecas (pk_idPeca, descricao, material, pesoNum, pesoUnidade, dimensaoNum, dimensaoUnidade) values (32, 'Elemento de aquecimento', 'Ferro fundido', 2.45, 'g', 5.53, 'mm');
insert into pecas (pk_idPeca, descricao, material, pesoNum, pesoUnidade, dimensaoNum, dimensaoUnidade) values (33, 'Conector elétrico', 'Ferro fundido', 1.56, 'g', 7.56, 'cm');
insert into pecas (pk_idPeca, descricao, material, pesoNum, pesoUnidade, dimensaoNum, dimensaoUnidade) values (34, 'Junta de expansão', 'Aço', 3.93, 'g', 7.63, 'pol');
insert into pecas (pk_idPeca, descricao, material, pesoNum, pesoUnidade, dimensaoNum, dimensaoUnidade) values (35, 'Módulo de energia', 'Ferro fundido', 1.0, 'Ton', 2.12, 'pol');
insert into pecas (pk_idPeca, descricao, material, pesoNum, pesoUnidade, dimensaoNum, dimensaoUnidade) values (36, 'Placa de circuito', 'Ferro fundido', 3.89, 'g', 3.43, 'm');
insert into pecas (pk_idPeca, descricao, material, pesoNum, pesoUnidade, dimensaoNum, dimensaoUnidade) values (37, 'Manômetro', 'Ferro fundido', 2.9, 'g', 1.19, 'mm');
insert into pecas (pk_idPeca, descricao, material, pesoNum, pesoUnidade, dimensaoNum, dimensaoUnidade) values (38, 'Placa de circuito', 'Ferro fundido', 2.95, 'Ton', 1.43, 'm');
insert into pecas (pk_idPeca, descricao, material, pesoNum, pesoUnidade, dimensaoNum, dimensaoUnidade) values (39, 'Transmissão', 'Ferro fundido', 3.13, 'g', 7.43, 'm');
insert into pecas (pk_idPeca, descricao, material, pesoNum, pesoUnidade, dimensaoNum, dimensaoUnidade) values (40, 'Rolamento de esferas', 'Aço', 3.76, 'g', 3.6, 'pol');
insert into pecas (pk_idPeca, descricao, material, pesoNum, pesoUnidade, dimensaoNum, dimensaoUnidade) values (41, 'Sistema de exaustão', 'Aço', 2.99, 'kg', 2.31, 'cm');
insert into pecas (pk_idPeca, descricao, material, pesoNum, pesoUnidade, dimensaoNum, dimensaoUnidade) values (42, 'Rolamento de esferas', 'Alumínio', 1.4, 'kg', 6.39, 'm');
insert into pecas (pk_idPeca, descricao, material, pesoNum, pesoUnidade, dimensaoNum, dimensaoUnidade) values (43, 'Manômetro', 'Ferro fundido', 3.65, 'Ton', 1.25, 'pol');
insert into pecas (pk_idPeca, descricao, material, pesoNum, pesoUnidade, dimensaoNum, dimensaoUnidade) values (44, 'Rampa de acesso', 'Alumínio', 2.47, 'kg', 5.51, 'cm');
insert into pecas (pk_idPeca, descricao, material, pesoNum, pesoUnidade, dimensaoNum, dimensaoUnidade) values (45, 'Rampa de acesso', 'Ferro fundido', 2.94, 'Ton', 5.62, 'mm');
insert into pecas (pk_idPeca, descricao, material, pesoNum, pesoUnidade, dimensaoNum, dimensaoUnidade) values (46, 'Conector rápido', 'Cobre', 3.14, 'kg', 4.5, 'mm');
insert into pecas (pk_idPeca, descricao, material, pesoNum, pesoUnidade, dimensaoNum, dimensaoUnidade) values (47, 'Contator', 'Cobre', 3.91, 'kg', 5.17, 'cm');
insert into pecas (pk_idPeca, descricao, material, pesoNum, pesoUnidade, dimensaoNum, dimensaoUnidade) values (48, 'Grade de proteção', 'Alumínio', 2.7, 'Ton', 5.11, 'm');
insert into pecas (pk_idPeca, descricao, material, pesoNum, pesoUnidade, dimensaoNum, dimensaoUnidade) values (49, 'Filtro', 'Ferro fundido', 1.29, 'g', 6.45, 'm');
insert into pecas (pk_idPeca, descricao, material, pesoNum, pesoUnidade, dimensaoNum, dimensaoUnidade) values (50, 'Radiador', 'Ferro fundido', 2.16, 'kg', 2.24, 'm');
insert into pecas (pk_idPeca, descricao, material, pesoNum, pesoUnidade, dimensaoNum, dimensaoUnidade) values (51, 'Bocal de descarga', 'Aço', 1.92, 'Ton', 2.96, 'pol');
insert into pecas (pk_idPeca, descricao, material, pesoNum, pesoUnidade, dimensaoNum, dimensaoUnidade) values (52, 'Elemento de filtragem', 'Cobre', 1.89, 'kg', 4.26, 'cm');
insert into pecas (pk_idPeca, descricao, material, pesoNum, pesoUnidade, dimensaoNum, dimensaoUnidade) values (53, 'Sonda de temperatura', 'Cobre', 3.0, 'Ton', 6.13, 'cm');
insert into pecas (pk_idPeca, descricao, material, pesoNum, pesoUnidade, dimensaoNum, dimensaoUnidade) values (54, 'Resfriador de ar', 'Ferro fundido', 1.74, 'kg', 1.47, 'cm');
insert into pecas (pk_idPeca, descricao, material, pesoNum, pesoUnidade, dimensaoNum, dimensaoUnidade) values (55, 'Conector elétrico', 'Aço', 3.1, 'kg', 1.86, 'mm');
insert into pecas (pk_idPeca, descricao, material, pesoNum, pesoUnidade, dimensaoNum, dimensaoUnidade) values (56, 'Mangote flexível', 'Alumínio', 1.83, 'g', 1.95, 'pol');
insert into pecas (pk_idPeca, descricao, material, pesoNum, pesoUnidade, dimensaoNum, dimensaoUnidade) values (57, 'Caldeira', 'Alumínio', 1.15, 'g', 2.36, 'pol');
insert into pecas (pk_idPeca, descricao, material, pesoNum, pesoUnidade, dimensaoNum, dimensaoUnidade) values (58, 'Interruptor de pressão', 'Aço', 2.34, 'g', 2.33, 'pol');
insert into pecas (pk_idPeca, descricao, material, pesoNum, pesoUnidade, dimensaoNum, dimensaoUnidade) values (59, 'Resistor', 'Alumínio', 2.59, 'kg', 5.93, 'm');
insert into pecas (pk_idPeca, descricao, material, pesoNum, pesoUnidade, dimensaoNum, dimensaoUnidade) values (60, 'Conjunto de molas', 'Cobre', 2.72, 'Ton', 7.04, 'pol');
insert into pecas (pk_idPeca, descricao, material, pesoNum, pesoUnidade, dimensaoNum, dimensaoUnidade) values (61, 'Suporte de montagem', 'Cobre', 2.29, 'g', 2.86, 'cm');
insert into pecas (pk_idPeca, descricao, material, pesoNum, pesoUnidade, dimensaoNum, dimensaoUnidade) values (62, 'Bobina', 'Aço', 3.11, 'Ton', 4.05, 'mm');
insert into pecas (pk_idPeca, descricao, material, pesoNum, pesoUnidade, dimensaoNum, dimensaoUnidade) values (63, 'Módulo de energia', 'Cobre', 2.06, 'kg', 1.21, 'm');
insert into pecas (pk_idPeca, descricao, material, pesoNum, pesoUnidade, dimensaoNum, dimensaoUnidade) values (64, 'Isolador', 'Cobre', 1.64, 'g', 2.0, 'mm');
insert into pecas (pk_idPeca, descricao, material, pesoNum, pesoUnidade, dimensaoNum, dimensaoUnidade) values (65, 'Roldana', 'Alumínio', 2.83, 'g', 3.8, 'mm');
insert into pecas (pk_idPeca, descricao, material, pesoNum, pesoUnidade, dimensaoNum, dimensaoUnidade) values (66, 'Viga de suporte', 'Cobre', 1.24, 'g', 4.89, 'cm');
insert into pecas (pk_idPeca, descricao, material, pesoNum, pesoUnidade, dimensaoNum, dimensaoUnidade) values (67, 'Mangueira flexível', 'Aço', 2.83, 'g', 7.46, 'm');
insert into pecas (pk_idPeca, descricao, material, pesoNum, pesoUnidade, dimensaoNum, dimensaoUnidade) values (68, 'Placa de base', 'Cobre', 3.27, 'g', 7.96, 'pol');
insert into pecas (pk_idPeca, descricao, material, pesoNum, pesoUnidade, dimensaoNum, dimensaoUnidade) values (69, 'Mangueira flexível', 'Ferro fundido', 1.06, 'g', 5.93, 'm');
insert into pecas (pk_idPeca, descricao, material, pesoNum, pesoUnidade, dimensaoNum, dimensaoUnidade) values (70, 'Cinta transportadora', 'Cobre', 1.76, 'Ton', 1.48, 'mm');
insert into pecas (pk_idPeca, descricao, material, pesoNum, pesoUnidade, dimensaoNum, dimensaoUnidade) values (71, 'Bocal de descarga', 'Alumínio', 1.58, 'Ton', 6.75, 'pol');
insert into pecas (pk_idPeca, descricao, material, pesoNum, pesoUnidade, dimensaoNum, dimensaoUnidade) values (72, 'Câmara de resfriamento', 'Ferro fundido', 2.57, 'kg', 7.43, 'm');
insert into pecas (pk_idPeca, descricao, material, pesoNum, pesoUnidade, dimensaoNum, dimensaoUnidade) values (73, 'Manifold', 'Alumínio', 3.84, 'Ton', 5.3, 'm');
insert into pecas (pk_idPeca, descricao, material, pesoNum, pesoUnidade, dimensaoNum, dimensaoUnidade) values (74, 'Tubulação de condução', 'Alumínio', 2.99, 'kg', 7.37, 'm');
insert into pecas (pk_idPeca, descricao, material, pesoNum, pesoUnidade, dimensaoNum, dimensaoUnidade) values (75, 'Módulo de energia', 'Ferro fundido', 3.73, 'kg', 3.43, 'pol');
insert into pecas (pk_idPeca, descricao, material, pesoNum, pesoUnidade, dimensaoNum, dimensaoUnidade) values (76, 'Câmara de resfriamento', 'Alumínio', 1.77, 'kg', 7.12, 'm');
insert into pecas (pk_idPeca, descricao, material, pesoNum, pesoUnidade, dimensaoNum, dimensaoUnidade) values (77, 'Válvula de alívio', 'Cobre', 3.42, 'g', 1.31, 'pol');
insert into pecas (pk_idPeca, descricao, material, pesoNum, pesoUnidade, dimensaoNum, dimensaoUnidade) values (78, 'Rolo de pressão', 'Alumínio', 1.97, 'kg', 7.26, 'm');
insert into pecas (pk_idPeca, descricao, material, pesoNum, pesoUnidade, dimensaoNum, dimensaoUnidade) values (79, 'Módulo de energia', 'Cobre', 2.79, 'Ton', 4.87, 'pol');
insert into pecas (pk_idPeca, descricao, material, pesoNum, pesoUnidade, dimensaoNum, dimensaoUnidade) values (80, 'Placa de proteção', 'Ferro fundido', 1.37, 'kg', 5.78, 'm');
insert into pecas (pk_idPeca, descricao, material, pesoNum, pesoUnidade, dimensaoNum, dimensaoUnidade) values (81, 'Elemento sensor', 'Aço', 3.41, 'Ton', 3.91, 'pol');
insert into pecas (pk_idPeca, descricao, material, pesoNum, pesoUnidade, dimensaoNum, dimensaoUnidade) values (82, 'Filtro', 'Cobre', 3.78, 'Ton', 3.02, 'm');
insert into pecas (pk_idPeca, descricao, material, pesoNum, pesoUnidade, dimensaoNum, dimensaoUnidade) values (83, 'Rolamento de esferas', 'Cobre', 1.07, 'Ton', 7.72, 'cm');
insert into pecas (pk_idPeca, descricao, material, pesoNum, pesoUnidade, dimensaoNum, dimensaoUnidade) values (84, 'Bocal de descarga', 'Ferro fundido', 1.06, 'kg', 6.47, 'm');
insert into pecas (pk_idPeca, descricao, material, pesoNum, pesoUnidade, dimensaoNum, dimensaoUnidade) values (85, 'Resistor', 'Ferro fundido', 2.84, 'Ton', 4.68, 'm');
insert into pecas (pk_idPeca, descricao, material, pesoNum, pesoUnidade, dimensaoNum, dimensaoUnidade) values (86, 'Gerador de energia', 'Ferro fundido', 1.2, 'Ton', 5.96, 'pol');
insert into pecas (pk_idPeca, descricao, material, pesoNum, pesoUnidade, dimensaoNum, dimensaoUnidade) values (87, 'Rolamento', 'Cobre', 2.75, 'g', 3.47, 'm');
insert into pecas (pk_idPeca, descricao, material, pesoNum, pesoUnidade, dimensaoNum, dimensaoUnidade) values (88, 'Grade de proteção', 'Alumínio', 3.32, 'g', 6.06, 'pol');
insert into pecas (pk_idPeca, descricao, material, pesoNum, pesoUnidade, dimensaoNum, dimensaoUnidade) values (89, 'Chave de fenda', 'Alumínio', 1.59, 'Ton', 2.94, 'pol');
insert into pecas (pk_idPeca, descricao, material, pesoNum, pesoUnidade, dimensaoNum, dimensaoUnidade) values (90, 'Parafuso de fixação', 'Aço', 3.54, 'g', 4.74, 'mm');
insert into pecas (pk_idPeca, descricao, material, pesoNum, pesoUnidade, dimensaoNum, dimensaoUnidade) values (91, 'Manômetro', 'Alumínio', 1.86, 'Ton', 3.47, 'mm');
insert into pecas (pk_idPeca, descricao, material, pesoNum, pesoUnidade, dimensaoNum, dimensaoUnidade) values (92, 'Sonda de temperatura', 'Ferro fundido', 3.92, 'g', 4.14, 'cm');
insert into pecas (pk_idPeca, descricao, material, pesoNum, pesoUnidade, dimensaoNum, dimensaoUnidade) values (93, 'Pistão', 'Cobre', 3.54, 'kg', 5.29, 'cm');
insert into pecas (pk_idPeca, descricao, material, pesoNum, pesoUnidade, dimensaoNum, dimensaoUnidade) values (94, 'Elemento sensor', 'Cobre', 1.23, 'g', 1.12, 'm');
insert into pecas (pk_idPeca, descricao, material, pesoNum, pesoUnidade, dimensaoNum, dimensaoUnidade) values (95, 'Sensor de fluxo', 'Cobre', 2.02, 'g', 6.3, 'm');
insert into pecas (pk_idPeca, descricao, material, pesoNum, pesoUnidade, dimensaoNum, dimensaoUnidade) values (96, 'Sonda de temperatura', 'Cobre', 3.18, 'Ton', 2.18, 'm');
insert into pecas (pk_idPeca, descricao, material, pesoNum, pesoUnidade, dimensaoNum, dimensaoUnidade) values (97, 'Contator', 'Aço', 3.16, 'Ton', 3.17, 'cm');
insert into pecas (pk_idPeca, descricao, material, pesoNum, pesoUnidade, dimensaoNum, dimensaoUnidade) values (98, 'Selo mecânico', 'Alumínio', 3.03, 'Ton', 4.09, 'm');
insert into pecas (pk_idPeca, descricao, material, pesoNum, pesoUnidade, dimensaoNum, dimensaoUnidade) values (99, 'Placa de proteção', 'Aço', 1.77, 'g', 6.8, 'pol');
insert into pecas (pk_idPeca, descricao, material, pesoNum, pesoUnidade, dimensaoNum, dimensaoUnidade) values (100, 'Placa de circuito', 'Alumínio', 1.76, 'g', 4.97, 'cm');

SELECT * FROM pecas; -- certo

insert into endereco (pk_cep, uf, cidade, nomeRua, bairro) values (91788451, 'SP', 'São Paulo', 'Rua Galvão Bueno', 'Cataporã');
insert into endereco (pk_cep, uf, cidade, nomeRua, bairro) values (34105579, 'PE', 'Recife', 'Rua Chácara das Roseiras', 'Jardim São Bento');
insert into endereco (pk_cep, uf, cidade, nomeRua, bairro) values (34976102, 'RJ', 'Rio de Janeiro', 'Rua das desquitadas', 'Piraporá');
insert into endereco (pk_cep, uf, cidade, nomeRua, bairro) values (88859204, 'MG', 'Nova Lima', 'Rua da Felicidade', 'Jardim das Goiabas');
insert into endereco (pk_cep, uf, cidade, nomeRua, bairro) values (74857588, 'RS', 'Porto Alegre', 'Rua Senador Feijó', 'Jardim Capelinha');
insert into endereco (pk_cep, uf, cidade, nomeRua, bairro) values ('12345678', 'SP', 'São Paulo', 'Rua das Belezas', 'Limoeiro');
insert into endereco (pk_cep, uf, cidade, nomeRua, bairro) values ('87654321', 'PE', 'Recife', 'Rua Campo Limpo', 'Vila Pereira');
insert into endereco (pk_cep, uf, cidade, nomeRua, bairro) values ('34567890', 'RJ', 'Rio de Janeiro', 'Rua 23 de Março', 'Mato Alto');
insert into endereco (pk_cep, uf, cidade, nomeRua, bairro) values ('98765432', 'MG', 'Nova Lima', 'Rua Borba Gato', 'Felicidade');
insert into endereco (pk_cep, uf, cidade, nomeRua, bairro) values ('00098075', 'RS', 'Porto Alegre', 'Rua Vieira de Almeida', 'Nova Olímpia');

select * FROM endereco; -- certo

insert into fornecedores (pk_idFornecedor, fk_cep, numEndereco, nome, numTelefone, cnpj, avaliacao) values (1, '91788451', 54, 'Circling Circuits', '71669723', 12345678000190, 2.9);
insert into fornecedores (pk_idFornecedor, fk_cep, numEndereco, nome, numTelefone, cnpj, avaliacao) values (2, '34105579', 23, 'Roating Pieces', '08092376', 98765432000210, 4.8);
insert into fornecedores (pk_idFornecedor, fk_cep, numEndereco, nome, numTelefone, cnpj, avaliacao) values (3, '34976102', 17, 'Mutual Star', '22649661', 23456789000321, 3.0);
insert into fornecedores (pk_idFornecedor, fk_cep, numEndereco, nome, numTelefone, cnpj, avaliacao) values (4, '88859204', 87, 'Uncrashing Machines', '90008797', 87654321000432, 1.9);
insert into fornecedores (pk_idFornecedor, fk_cep, numEndereco, nome, numTelefone, cnpj, avaliacao) values (5, '74857588', 65, 'Arround Mechanics', '31208544', 34567890000543, 2.3);
insert into fornecedores (pk_idFornecedor, fk_cep, numEndereco, nome, numTelefone, cnpj, avaliacao) values (6, '12345678', 11, 'Happy Stuffs', '88765890', 11223344556677, 1.5);
insert into fornecedores (pk_idFornecedor, fk_cep, numEndereco, nome, numTelefone, cnpj, avaliacao) values (7, '87654321', 9, 'Unreal Parts', '09097070', 22334455667788, 3.7);
insert into fornecedores (pk_idFornecedor, fk_cep, numEndereco, nome, numTelefone, cnpj, avaliacao) values (8, '34567890', 25, 'Singing Solutions', '87656594', 33445566778899, 3.4);
insert into fornecedores (pk_idFornecedor, fk_cep, numEndereco, nome, numTelefone, cnpj, avaliacao) values (9, '98765432', 77, 'Yes u Need', '12123644', 44556677889900, 4.4);
insert into fornecedores (pk_idFornecedor, fk_cep, numEndereco, nome, numTelefone, cnpj, avaliacao) values (10, '00098075', 43, 'Desperate Solutions', '05443212', 55667788990011, 3.6);

select * from fornecedores; -- certo

insert into materiasPrimas (pk_idMateriaPrima, fk_idPeca, fk_idFornecedor, descMateriaPrima, qtdEstoque, dataUltimaCompra) values (1, 41, 10, 'Aço', 95, '2022-1-27');
insert into materiasPrimas (pk_idMateriaPrima, fk_idPeca, fk_idFornecedor, descMateriaPrima, qtdEstoque, dataUltimaCompra) values (2, 60, 10, 'Cobre', 148, '2021-9-2');
insert into materiasPrimas (pk_idMateriaPrima, fk_idPeca, fk_idFornecedor, descMateriaPrima, qtdEstoque, dataUltimaCompra) values (3, 54, 8, 'Ferro fundido', 80, '2020-4-28');
insert into materiasPrimas (pk_idMateriaPrima, fk_idPeca, fk_idFornecedor, descMateriaPrima, qtdEstoque, dataUltimaCompra) values (4, 5, 4, 'Alumínio', 149, '2023-1-26');

select * from materiasPrimas; -- certo

insert into clientes (pk_idCliente, fk_cep, numEndereco, nome, numTelefone) values (1, '91788451', 673, 'Lucas Silva', '555-123-4567');
insert into clientes (pk_idCliente, fk_cep, numEndereco, nome, numTelefone) values (2, '34105579', 214, 'Isabela Santos', '555-987-6543');
insert into clientes (pk_idCliente, fk_cep, numEndereco, nome, numTelefone) values (3, '34976102', 498, 'Rafael Oliveira', '555-876-5432');
insert into clientes (pk_idCliente, fk_cep, numEndereco, nome, numTelefone) values (4, '88859204', 725, 'Juliana Costa', '555-234-5678');
insert into clientes (pk_idCliente, fk_cep, numEndereco, nome, numTelefone) values (5, '74857588', 143, 'Pedro Lima', '555-789-0123');
insert into clientes (pk_idCliente, fk_cep, numEndereco, nome, numTelefone) values (6, '12345678', 891, 'Ana Pereira', '555-345-6789');
insert into clientes (pk_idCliente, fk_cep, numEndereco, nome, numTelefone) values (7, '87654321', 356, 'Thiago Almeida', '555-210-9876');
insert into clientes (pk_idCliente, fk_cep, numEndereco, nome, numTelefone) values (8, '34567890', 502, 'Larissa Rocha', '555-876-5432');
insert into clientes (pk_idCliente, fk_cep, numEndereco, nome, numTelefone) values (9, '98765432', 619, 'Bruno Martins', '555-432-1098');
insert into clientes (pk_idCliente, fk_cep, numEndereco, nome, numTelefone) values (10, '00098075', 837, 'Carolina Castro', '555-890-1234');
insert into clientes (pk_idCliente, fk_cep, numEndereco, nome, numTelefone) values (11, '91788451', 278, 'Felipe Barbosa', '555-234-5678');
insert into clientes (pk_idCliente, fk_cep, numEndereco, nome, numTelefone) values (12, '34105579', 764, 'Beatriz Souza', '555-789-0123');
insert into clientes (pk_idCliente, fk_cep, numEndereco, nome, numTelefone) values (13, '34976102', 951, 'Guilherme Correia', '555-345-6789');
insert into clientes (pk_idCliente, fk_cep, numEndereco, nome, numTelefone) values (14, '88859204', 120, 'Mariana Fernandes', '555-210-9876');
insert into clientes (pk_idCliente, fk_cep, numEndereco, nome, numTelefone) values (15, '74857588', 583, 'Gabriel Pereira', '555-876-5432');
insert into clientes (pk_idCliente, fk_cep, numEndereco, nome, numTelefone) values (16, '12345678', 365, 'Vitória Cardoso', '555-432-1098');
insert into clientes (pk_idCliente, fk_cep, numEndereco, nome, numTelefone) values (17, '87654321', 879, 'João Santos', '555-890-1234');
insert into clientes (pk_idCliente, fk_cep, numEndereco, nome, numTelefone) values (18, '34567890', 421, 'Marina Silva', '555-234-5678');
insert into clientes (pk_idCliente, fk_cep, numEndereco, nome, numTelefone) values (19, '98765432', 596, 'Matheus Rodrigues', '555-789-0123');
insert into clientes (pk_idCliente, fk_cep, numEndereco, nome, numTelefone) values (20, '00098075', 187, 'Amanda Lima', '555-345-6789');
insert into clientes (pk_idCliente, fk_cep, numEndereco, nome, numTelefone) values (21, '91788451', 854, 'Gustavo Oliveira', '555-210-9876');
insert into clientes (pk_idCliente, fk_cep, numEndereco, nome, numTelefone) values (22, '34105579', 309, 'Luana Costa', '555-876-5432');
insert into clientes (pk_idCliente, fk_cep, numEndereco, nome, numTelefone) values (23, '34976102', 738, 'André Martins', '555-432-1098');
insert into clientes (pk_idCliente, fk_cep, numEndereco, nome, numTelefone) values (24, '88859204', 546, 'Raquel Rocha', '555-890-1234');
insert into clientes (pk_idCliente, fk_cep, numEndereco, nome, numTelefone) values (25, '74857588', 674, 'Eduardo Almeida', '555-234-5678');
insert into clientes (pk_idCliente, fk_cep, numEndereco, nome, numTelefone) values (26, '12345678', 932, 'Camila Castro', '555-789-0123');
insert into clientes (pk_idCliente, fk_cep, numEndereco, nome, numTelefone) values (27, '87654321', 41, 'Leonardo Barbosa', '555-345-6789');
insert into clientes (pk_idCliente, fk_cep, numEndereco, nome, numTelefone) values (28, '34567890', 810, 'Júlia Souza', '555-210-9876');
insert into clientes (pk_idCliente, fk_cep, numEndereco, nome, numTelefone) values (29, '98765432', 163, 'Lucas Correia', '555-876-5432');
insert into clientes (pk_idCliente, fk_cep, numEndereco, nome, numTelefone) values (30, '00098075', 792, 'Gabriela Fernandes', '555-432-1098');
insert into clientes (pk_idCliente, fk_cep, numEndereco, nome, numTelefone) values (31, '91788451', 235, 'Carlos Pereira', '555-890-1234');
insert into clientes (pk_idCliente, fk_cep, numEndereco, nome, numTelefone) values (32, '34105579', 689, 'Fernanda Cardoso', '555-234-5678');
insert into clientes (pk_idCliente, fk_cep, numEndereco, nome, numTelefone) values (33, '34976102', 574, 'Rodrigo Santos', '555-789-0123');
insert into clientes (pk_idCliente, fk_cep, numEndereco, nome, numTelefone) values (34, '88859204', 361, 'Luísa Silva', '555-345-6789');
insert into clientes (pk_idCliente, fk_cep, numEndereco, nome, numTelefone) values (35, '74857588', 917, 'Henrique Rodrigues', '555-210-9876');
insert into clientes (pk_idCliente, fk_cep, numEndereco, nome, numTelefone) values (36, '12345678', 482, 'Bruna Lima', '555-876-5432');
insert into clientes (pk_idCliente, fk_cep, numEndereco, nome, numTelefone) values (37, '87654321', 726, 'Caio Oliveira', '555-432-1098');
insert into clientes (pk_idCliente, fk_cep, numEndereco, nome, numTelefone) values (38, '34567890', 204, 'Aline Costa', '555-890-1234');
insert into clientes (pk_idCliente, fk_cep, numEndereco, nome, numTelefone) values (39, '98765432', 958, 'Victor Martins', '555-234-5678');
insert into clientes (pk_idCliente, fk_cep, numEndereco, nome, numTelefone) values (40, '00098075', 609, 'Isadora Rocha', '555-789-0123');
insert into clientes (pk_idCliente, fk_cep, numEndereco, nome, numTelefone) values (41, '91788451', 348, 'Matias Almeida', '555-345-6789');
insert into clientes (pk_idCliente, fk_cep, numEndereco, nome, numTelefone) values (42, '34105579', 862, 'Letícia Castro', '555-210-9876');
insert into clientes (pk_idCliente, fk_cep, numEndereco, nome, numTelefone) values (43, '34976102', 135, 'Rafael Fernandes', '555-876-5432');
insert into clientes (pk_idCliente, fk_cep, numEndereco, nome, numTelefone) values (44, '88859204', 749, 'Manuela Souza', '555-432-1098');
insert into clientes (pk_idCliente, fk_cep, numEndereco, nome, numTelefone) values (45, '74857588', 293, 'Nicolas Correia', '555-890-1234');
insert into clientes (pk_idCliente, fk_cep, numEndereco, nome, numTelefone) values (46, '12345678', 810, 'Giovanna Lima', '555-234-5678');
insert into clientes (pk_idCliente, fk_cep, numEndereco, nome, numTelefone) values (47, '87654321', 572, 'Enzo Santos', '555-789-0123');
insert into clientes (pk_idCliente, fk_cep, numEndereco, nome, numTelefone) values (48, '34567890', 384, 'Laura Oliveira', '555-345-6789');
insert into clientes (pk_idCliente, fk_cep, numEndereco, nome, numTelefone) values (49, '98765432', 923, 'Lucas Costa', '555-210-9876');
insert into clientes (pk_idCliente, fk_cep, numEndereco, nome, numTelefone) values (50, '00098075', 51, 'Clara Barbosa', '555-876-5432');

select * from clientes; -- certo

insert into inspecoes (pk_idInspecao, fk_idPeca, dataInspecao, observacoes, resultado) values (1, 54, '2023-8-2', 'Durante a inspeção, o Resfriador de Ar demonstrou uma notável eficiência e construção sólida, destacando-se pela capacidade de manter temperaturas ideais', 'Aceito');
insert into inspecoes (pk_idInspecao, fk_idPeca, dataInspecao, observacoes, resultado) values (2, 12, '2023-2-8', 'A Unidade de Resfriamento, submetida à análise, revelou precisão e durabilidade, assegurando um desempenho confiável em ambientes diversos', 'Aceito');
insert into inspecoes (pk_idInspecao, fk_idPeca, dataInspecao, observacoes, resultado) values (3, 33, '2023-7-2', 'O Conector Elétrico, inspecionado minuciosamente, exibiu uma construção robusta e confiabilidade elétrica', 'Aceito');
insert into inspecoes (pk_idInspecao, fk_idPeca, dataInspecao, observacoes, resultado) values (4, 76, '2023-11-2', 'A Câmara de Resfriamento, essencial para o processo, destacou-se pela eficácia na dissipação térmica e pela escolha criteriosa de materiais', 'Aceito');
insert into inspecoes (pk_idInspecao, fk_idPeca, dataInspecao, observacoes, resultado) values (5, 89, '2023-8-8', 'A Chave de Fenda, componente essencial, passou na inspeção com distinção, evidenciando durabilidade e precisão em sua fabricação', 'Aceito');
insert into inspecoes (pk_idInspecao, fk_idPeca, dataInspecao, observacoes, resultado) values (6, 22, '2023-4-6', 'O Mangote Flexível, sujeito à análise, demonstrou versatilidade e resistência, atendendo aos padrões exigentes de qualidade', 'Aceito');
insert into inspecoes (pk_idInspecao, fk_idPeca, dataInspecao, observacoes, resultado) values (7, 7, '2023-5-3', 'A Câmara de Combustão, crítica para o funcionamento, mostrou-se altamente precisa e eficiente na queima controlada', 'Aceito');
insert into inspecoes (pk_idInspecao, fk_idPeca, dataInspecao, observacoes, resultado) values (8, 46, '2023-5-9', 'O Conector Rápido, essencial para a conectividade, destacou-se pela simplicidade e desempenho confiável', 'Aceito');
insert into inspecoes (pk_idInspecao, fk_idPeca, dataInspecao, observacoes, resultado) values (9, 65, '2023-4-7', 'A Roldana, elemento fundamental, passou pela inspeção com excelência, evidenciando uma construção robusta e medições precisas', 'Aceito');
insert into inspecoes (pk_idInspecao, fk_idPeca, dataInspecao, observacoes, resultado) values (11, 15, '2023-5-9', 'O Rolo de Suporte, crítico para o suporte estrutural, apresentou-se resistente e confiável', 'Aceito');
insert into inspecoes (pk_idInspecao, fk_idPeca, dataInspecao, observacoes, resultado) values (10, 91, '2023-8-5', 'O Manômetro, componente fundamental para a medição precisa de pressão, passou pela inspeção com excelência, evidenciando uma construção robusta e medições precisas, garantindo o monitoramento confiável em diversos contextos', 'Aceito');
insert into inspecoes (pk_idInspecao, fk_idPeca, dataInspecao, observacoes, resultado) values (12, 40, '2023-5-9', 'O Rolamento de Esferas, componente essencial para a movimentação, demonstrou uma construção duradoura e uma rotação suave', 'Aceito');
insert into inspecoes (pk_idInspecao, fk_idPeca, dataInspecao, observacoes, resultado) values (13, 59, '2023-6-1', 'O Resistor, crucial para o controle térmico, exibiu eficiência e durabilidade', 'Aceito');
insert into inspecoes (pk_idInspecao, fk_idPeca, dataInspecao, observacoes, resultado) values (14, 84, '2023-8-8', 'O Bocal de Descarga, essencial para a liberação controlada, passou pela análise com distinção, destacando-se pela precisão e eficácia', 'Aceito');
insert into inspecoes (pk_idInspecao, fk_idPeca, dataInspecao, observacoes, resultado) values (15, 3, '2023-9-7', 'O Trocador de Calor, crucial para a transferência térmica, demonstrou uma construção eficiente e duradoura', 'Aceito');
insert into inspecoes (pk_idInspecao, fk_idPeca, dataInspecao, observacoes, resultado) values (16, 98, '2023-3-3', 'O Selo Mecânico, essencial para a vedação, exibiu uma precisão notável e confiabilidade', 'Aceito');
insert into inspecoes (pk_idInspecao, fk_idPeca, dataInspecao, observacoes, resultado) values (17, 27, '2023-9-8', 'A Chave de Fenda, componente essencial, passou na inspeção com distinção, evidenciando durabilidade e precisão em sua fabricação', 'Aceito');
insert into inspecoes (pk_idInspecao, fk_idPeca, dataInspecao, observacoes, resultado) values (18, 68, '2023-9-2', 'A Placa de Base, componente estrutural, passou na inspeção com distinção, demonstrando uma construção sólida', 'Aceito');
insert into inspecoes (pk_idInspecao, fk_idPeca, dataInspecao, observacoes, resultado) values (19, 50, '2023-4-6', 'O Radiador, vital para o resfriamento, destacou-se pela eficácia na dissipação térmica', 'Aceito');
insert into inspecoes (pk_idInspecao, fk_idPeca, dataInspecao, observacoes, resultado) values (20, 10, '2023-1-5', 'O Bocal de Descarga, essencial para a liberação controlada, passou pela análise com distinção, destacando-se pela precisão e eficácia, assegurando um desempenho confiável em processos de descarga controlada', 'Aceito');
insert into inspecoes (pk_idInspecao, fk_idPeca, dataInspecao, observacoes, resultado) values (21, 74, '2023-3-5', 'A Tubulação de Condução, essencial para o fluxo, apresentou-se resistente e confiável', 'Aceito');
insert into inspecoes (pk_idInspecao, fk_idPeca, dataInspecao, observacoes, resultado) values (22, 36, '2023-2-3', 'A Placa de Circuito, crítica para o controle elétrico, demonstrou precisão e qualidade em sua fabricação', 'Aceito');
insert into inspecoes (pk_idInspecao, fk_idPeca, dataInspecao, observacoes, resultado) values (23, 2, '2023-6-8', 'A Câmara de Resfriamento, reavaliada em seu segundo aparecimento, confirmou sua eficiência', 'Aceito');
insert into inspecoes (pk_idInspecao, fk_idPeca, dataInspecao, observacoes, resultado) values (24, 81, '2023-7-2', 'O Elemento Sensor, duplamente presente, passou nas análises, destacando-se pela precisão nas medições e pela confiabilidade em diferentes contextos', 'Aceito');
insert into inspecoes (pk_idInspecao, fk_idPeca, dataInspecao, observacoes, resultado) values (25, 19, '2023-9-3', 'O Elemento Sensor, duplamente presente, passou nas análises, destacando-se pela precisão nas medições e pela confiabilidade em diferentes contextos', 'Aceito');
insert into inspecoes (pk_idInspecao, fk_idPeca, dataInspecao, observacoes, resultado) values (26, 30, '2023-1-3', 'Durante a inspeção, o Sistema de Exaustão revelou falhas significativas, comprometendo sua eficácia na remoção de gases', 'Rejeitado');
insert into inspecoes (pk_idInspecao, fk_idPeca, dataInspecao, observacoes, resultado) values (27, 5, '2023-11-9', 'A Válvula de Controle não atendeu aos padrões desejados, apresentando instabilidade em seu funcionamento', 'Rejeitado');
insert into inspecoes (pk_idInspecao, fk_idPeca, dataInspecao, observacoes, resultado) values (28, 61, '2023-2-8', 'O Suporte de Montagem foi reprovado na análise, evidenciando fragilidades estruturais que comprometem sua função de sustentação', 'Rejeitado');
insert into inspecoes (pk_idInspecao, fk_idPeca, dataInspecao, observacoes, resultado) values (29, 93, '2023-8-9', 'O Pistão não atingiu os requisitos necessários, revelando falhas em seu desempenho mecânico', 'Rejeitado');
insert into inspecoes (pk_idInspecao, fk_idPeca, dataInspecao, observacoes, resultado) values (30, 17, '2023-2-7', 'O Parafuso de Fixação não atendeu às expectativas de segurança e estabilidade durante a inspeção', 'Rejeitado');
insert into inspecoes (pk_idInspecao, fk_idPeca, dataInspecao, observacoes, resultado) values (31, 49, '2023-4-1', 'O Filtro, componente crucial para a filtração, apresentou deficiências que comprometem sua eficiência', 'Rejeitado');
insert into inspecoes (pk_idInspecao, fk_idPeca, dataInspecao, observacoes, resultado) values (32, 78, '2023-5-4', 'O Rolo de Pressão foi reprovado na análise, demonstrando desgaste prematuro que afeta seu desempenho', 'Rejeitado');
insert into inspecoes (pk_idInspecao, fk_idPeca, dataInspecao, observacoes, resultado) values (33, 24, '2023-7-9', 'O Motor Elétrico não atendeu aos padrões de confiabilidade, revelando falhas em sua operação', 'Rejeitado');
insert into inspecoes (pk_idInspecao, fk_idPeca, dataInspecao, observacoes, resultado) values (34, 55, '2023-3-5', 'O Conector Elétrico, sujeito à inspeção minuciosa, revelou problemas em sua conectividade, comprometendo a transmissão eficiente de energia', 'Rejeitado');
insert into inspecoes (pk_idInspecao, fk_idPeca, dataInspecao, observacoes, resultado) values (35, 87, '2023-4-9', 'O Rolamento não atingiu os requisitos necessários de durabilidade e suavidade de rotação', 'Rejeitado');
insert into inspecoes (pk_idInspecao, fk_idPeca, dataInspecao, observacoes, resultado) values (36, 14, '2023-8-8', 'A Transmissão foi reprovada na análise, apresentando irregularidades que afetam seu desempenho', 'Rejeitado');
insert into inspecoes (pk_idInspecao, fk_idPeca, dataInspecao, observacoes, resultado) values (37, 71, '2023-1-7', 'O Bocal de Descarga não atendeu aos padrões exigidos, revelando falhas na liberação controlada', 'Rejeitado');
insert into inspecoes (pk_idInspecao, fk_idPeca, dataInspecao, observacoes, resultado) values (38, 42, '2023-3-3', 'O Rolamento de Esferas, componente essencial para a movimentação, não passou na inspeção, demonstrando uma construção que compromete sua durabilidade', 'Rejeitado');
insert into inspecoes (pk_idInspecao, fk_idPeca, dataInspecao, observacoes, resultado) values (39, 66, '2023-5-4', 'A Viga de Suporte revelou fragilidades estruturais durante a análise, comprometendo sua função de suporte', 'Rejeitado');
insert into inspecoes (pk_idInspecao, fk_idPeca, dataInspecao, observacoes, resultado) values (40, 9, '2023-11-8', 'A Roldana, componente crucial para a movimentação, apresentou falhas que impactam seu desempenho', 'Rejeitado');
insert into inspecoes (pk_idInspecao, fk_idPeca, dataInspecao, observacoes, resultado) values (41, 38, '2023-8-4', 'A Placa de Circuito, essencial para o controle elétrico, revelou defeitos que comprometem sua operação', 'Rejeitado');
insert into inspecoes (pk_idInspecao, fk_idPeca, dataInspecao, observacoes, resultado) values (42, 70, '2023-9-4', 'A Cinta Transportadora foi reprovada na inspeção, exibindo desgastes que afetam sua função de transporte', 'Rejeitado');
insert into inspecoes (pk_idInspecao, fk_idPeca, dataInspecao, observacoes, resultado) values (43, 88, '2023-3-6', 'A Grade de Proteção não atendeu aos requisitos necessários, comprometendo a segurança no ambiente de operação', 'Rejeitado');
insert into inspecoes (pk_idInspecao, fk_idPeca, dataInspecao, observacoes, resultado) values (44, 32, '2023-3-4', 'Durante a inspeção, o Elemento de Aquecimento foi reprovado, revelando falhas críticas que comprometem sua eficiência no processo de aquecimento', 'Rejeitado');
insert into inspecoes (pk_idInspecao, fk_idPeca, dataInspecao, observacoes, resultado) values (45, 1, '2023-8-3', 'A Válvula de Regulagem não passou na análise, evidenciando problemas em sua capacidade de controle', 'Rejeitado');
insert into inspecoes (pk_idInspecao, fk_idPeca, dataInspecao, observacoes, resultado) values (46, 57, '2023-3-4', 'A Caldeira, crítica para o processo, apresentou falhas que afetam sua eficiência', 'Rejeitado');
insert into inspecoes (pk_idInspecao, fk_idPeca, dataInspecao, observacoes, resultado) values (47, 83, '2023-4-1', 'O Rolamento de Esferas, novamente presente, foi reprovado na inspeção, indicando deficiências na construção', 'Rejeitado');
insert into inspecoes (pk_idInspecao, fk_idPeca, dataInspecao, observacoes, resultado) values (48, 23, '2023-6-4', 'O Filtro de Ar, componente crucial para a filtragem, apresentou falhas que comprometem sua eficácia', 'Rejeitado');
insert into inspecoes (pk_idInspecao, fk_idPeca, dataInspecao, observacoes, resultado) values (49, 44, '2023-9-6', 'A Rampa de Acesso não atendeu aos padrões exigidos, revelando problemas estruturais que comprometem a segurança', 'Rejeitado');
insert into inspecoes (pk_idInspecao, fk_idPeca, dataInspecao, observacoes, resultado) values (50, 79, '2023-6-8', 'O Módulo de Energia, essencial para o controle, apresentou defeitos que afetam sua operação', 'Rejeitado');

select * from inspecoes; -- certo

insert into aceitacoes (pk_idAceitacao, fk_idPeca, fk_destino, fk_idInspecao, dataAceitacao, observacoes) values (1, 54, 17, 1, '2023-08-04', 'Durante a inspeção, o Resfriador de Ar demonstrou uma notável eficiência e construção sólida, destacando-se pela capacidade de manter temperaturas ideais');
insert into aceitacoes (pk_idAceitacao, fk_idPeca, fk_destino, fk_idInspecao, dataAceitacao, observacoes) values (2, 12, 42, 2, '2023-02-10', 'A Unidade de Resfriamento, submetida à análise, revelou precisão e durabilidade, assegurando um desempenho confiável em ambientes diversos');
insert into aceitacoes (pk_idAceitacao, fk_idPeca, fk_destino, fk_idInspecao, dataAceitacao, observacoes) values (3, 33, 5, 3, '2023-07-04', 'O Conector Elétrico, inspecionado minuciosamente, exibiu uma construção robusta e confiabilidade elétrica');
insert into aceitacoes (pk_idAceitacao, fk_idPeca, fk_destino, fk_idInspecao, dataAceitacao, observacoes) values (4, 76, 38, 4, '2023-11-04', 'A Câmara de Resfriamento, essencial para o processo, destacou-se pela eficácia na dissipação térmica e pela escolha criteriosa de materiais');
insert into aceitacoes (pk_idAceitacao, fk_idPeca, fk_destino, fk_idInspecao, dataAceitacao, observacoes) values (5, 89, 23, 5, '2023-08-10', 'A Chave de Fenda, componente essencial, passou na inspeção com distinção, evidenciando durabilidade e precisão em sua fabricação');
insert into aceitacoes (pk_idAceitacao, fk_idPeca, fk_destino, fk_idInspecao, dataAceitacao, observacoes) values (6, 22, 10, 6, '2023-04-08', 'O Mangote Flexível, sujeito à análise, demonstrou versatilidade e resistência, atendendo aos padrões exigentes de qualidade');
insert into aceitacoes (pk_idAceitacao, fk_idPeca, fk_destino, fk_idInspecao, dataAceitacao, observacoes) values (7, 7, 49, 7, '2023-05-05', 'A Câmara de Combustão, crítica para o funcionamento, mostrou-se altamente precisa e eficiente na queima controlada');
insert into aceitacoes (pk_idAceitacao, fk_idPeca, fk_destino, fk_idInspecao, dataAceitacao, observacoes) values (8, 46, 3, 8, '2023-05-11', 'O Conector Rápido, essencial para a conectividade, destacou-se pela simplicidade e desempenho confiável');
insert into aceitacoes (pk_idAceitacao, fk_idPeca, fk_destino, fk_idInspecao, dataAceitacao, observacoes) values (9, 65, 16, 9, '2023-04-09', 'A Roldana, elemento fundamental, passou pela inspeção com excelência, evidenciando uma construção robusta e medições precisas');
insert into aceitacoes (pk_idAceitacao, fk_idPeca, fk_destino, fk_idInspecao, dataAceitacao, observacoes) values (10, 91, 35, 10, '2023-08-07', 'O Manômetro, componente fundamental para a medição precisa de pressão, passou pela inspeção com excelência, evidenciando uma construção robusta e medições precisas, garantindo o monitoramento confiável em diversos contextos');
insert into aceitacoes (pk_idAceitacao, fk_idPeca, fk_destino, fk_idInspecao, dataAceitacao, observacoes) values (11, 15, 29, 11, '2023-05-11', 'O Rolo de Suporte, crítico para o suporte estrutural, apresentou-se resistente e confiável');
insert into aceitacoes (pk_idAceitacao, fk_idPeca, fk_destino, fk_idInspecao, dataAceitacao, observacoes) values (12, 40, 7, 12, '2023-05-11', 'O Rolamento de Esferas, componente essencial para a movimentação, demonstrou uma construção duradoura e uma rotação suave');
insert into aceitacoes (pk_idAceitacao, fk_idPeca, fk_destino, fk_idInspecao, dataAceitacao, observacoes) values (13, 59, 11, 13, '2023-06-03', 'O Resistor, crucial para o controle térmico, exibiu eficiência e durabilidade');
insert into aceitacoes (pk_idAceitacao, fk_idPeca, fk_destino, fk_idInspecao, dataAceitacao, observacoes) values (14, 84, 46, 14, '2023-08-10', 'O Bocal de Descarga, essencial para a liberação controlada, passou pela análise com distinção, destacando-se pela precisão e eficácia');
insert into aceitacoes (pk_idAceitacao, fk_idPeca, fk_destino, fk_idInspecao, dataAceitacao, observacoes) values (15, 3, 30, 15, '2023-09-09', 'O Trocador de Calor, crucial para a transferência térmica, demonstrou uma construção eficiente e duradoura');
insert into aceitacoes (pk_idAceitacao, fk_idPeca, fk_destino, fk_idInspecao, dataAceitacao, observacoes) values (16, 98, 26, 16, '2023-03-05', 'O Selo Mecânico, essencial para a vedação, exibiu uma precisão notável e confiabilidade');
insert into aceitacoes (pk_idAceitacao, fk_idPeca, fk_destino, fk_idInspecao, dataAceitacao, observacoes) values (17, 27, 20, 17, '2023-09-10', 'A Chave de Fenda, componente essencial, passou na inspeção com distinção, evidenciando durabilidade e precisão em sua fabricação');
insert into aceitacoes (pk_idAceitacao, fk_idPeca, fk_destino, fk_idInspecao, dataAceitacao, observacoes) values (18, 68, 44, 18, '2023-09-04', 'A Placa de Base, componente estrutural, passou na inspeção com distinção, demonstrando uma construção sólida');
insert into aceitacoes (pk_idAceitacao, fk_idPeca, fk_destino, fk_idInspecao, dataAceitacao, observacoes) values (19, 50, 14, 19, '2023-04-08', 'O Radiador, vital para o resfriamento, destacou-se pela eficácia na dissipação térmica');
insert into aceitacoes (pk_idAceitacao, fk_idPeca, fk_destino, fk_idInspecao, dataAceitacao, observacoes) values (20, 10, 21, 20, '2023-01-07', 'O Bocal de Descarga, essencial para a liberação controlada, passou pela análise com distinção, destacando-se pela precisão e eficácia, assegurando um desempenho confiável em processos de descarga controlada');
insert into aceitacoes (pk_idAceitacao, fk_idPeca, fk_destino, fk_idInspecao, dataAceitacao, observacoes) values (21, 74, 36, 21, '2023-03-07', 'A Tubulação de Condução, essencial para o fluxo, apresentou-se resistente e confiável');
insert into aceitacoes (pk_idAceitacao, fk_idPeca, fk_destino, fk_idInspecao, dataAceitacao, observacoes) values (22, 36, 1, 22, '2023-02-05', 'A Placa de Circuito, crítica para o controle elétrico, demonstrou precisão e qualidade em sua fabricação');
insert into aceitacoes (pk_idAceitacao, fk_idPeca, fk_destino, fk_idInspecao, dataAceitacao, observacoes) values (23, 2, 47, 23, '2023-06-10', 'A Câmara de Resfriamento, reavaliada em seu segundo aparecimento, confirmou sua eficiência');
insert into aceitacoes (pk_idAceitacao, fk_idPeca, fk_destino, fk_idInspecao, dataAceitacao, observacoes) values (24, 81, 18, 24, '2023-07-04', 'O Elemento Sensor, duplamente presente, passou nas análises, destacando-se pela precisão nas medições e pela confiabilidade em diferentes contextos');
insert into aceitacoes (pk_idAceitacao, fk_idPeca, fk_destino, fk_idInspecao, dataAceitacao, observacoes) values (25, 19, 25, 25, '2023-09-05', 'O Elemento Sensor, duplamente presente, passou nas análises, destacando-se pela precisão nas medições e pela confiabilidade em diferentes contextos');

select * from aceitacoes; -- certo

insert into rejeicoes (pk_idRejeicao, fk_idPeca, fk_idInspecao, motivo, dataRejeicao, acoesCorretivas) values (1, 30, 26, 'Durante a inspeção, o Sistema de Exaustão revelou falhas significativas, comprometendo sua eficácia na remoção de gases', '2023-01-05', 'Após a identificação das falhas significativas durante a inspeção, será implementada uma revisão completa do Sistema de Exaustão. Serão realizados reparos nas áreas comprometidas e testes de desempenho adicionais para garantir que a eficácia na remoção de gases seja restabelecida conforme os padrões exigidos');
insert into rejeicoes (pk_idRejeicao, fk_idPeca, fk_idInspecao, motivo, dataRejeicao, acoesCorretivas) values (2, 5, 27, 'A Válvula de Controle não atendeu aos padrões desejados, apresentando instabilidade em seu funcionamento', '2023-11-11', 'Para abordar a instabilidade no funcionamento da Válvula de Controle, será conduzida uma revisão técnica. Os ajustes necessários serão feitos para garantir que a válvula atenda aos padrões desejados de operação estável, assegurando sua eficácia e confiabilidade');
insert into rejeicoes (pk_idRejeicao, fk_idPeca, fk_idInspecao, motivo, dataRejeicao, acoesCorretivas) values (3, 61, 28, 'O Suporte de Montagem foi reprovado na análise, evidenciando fragilidades estruturais que comprometem sua função de sustentação', '2023-02-10', 'Diante das fragilidades estruturais evidenciadas na análise do Suporte de Montagem, será realizada uma reformulação do design e da construção. A finalidade é fortalecer a estrutura para garantir sua função adequada de sustentação, atendendo aos requisitos de segurança e durabilidade');
insert into rejeicoes (pk_idRejeicao, fk_idPeca, fk_idInspecao, motivo, dataRejeicao, acoesCorretivas) values (4, 93, 29, 'O Pistão não atingiu os requisitos necessários, revelando falhas em seu desempenho mecânico', '2023-08-11', 'Para corrigir as falhas no desempenho mecânico do Pistão, serão implementadas melhorias no design e na fabricação. Isso incluirá a otimização de materiais e processos para garantir que o Pistão atenda aos requisitos necessários em termos de eficiência e durabilidade');
insert into rejeicoes (pk_idRejeicao, fk_idPeca, fk_idInspecao, motivo, dataRejeicao, acoesCorretivas) values (5, 17, 30, 'O Parafuso de Fixação não atendeu às expectativas de segurança e estabilidade durante a inspeção', '2023-02-09', 'Considerando as expectativas de segurança e estabilidade não atendidas durante a inspeção do Parafuso de Fixação, serão realizadas modificações para garantir sua conformidade. A revisão incluirá a seleção de materiais apropriados e ajustes no design para melhorar sua eficácia');
insert into rejeicoes (pk_idRejeicao, fk_idPeca, fk_idInspecao, motivo, dataRejeicao, acoesCorretivas) values (6, 49, 31, 'O Filtro, componente crucial para a filtração, apresentou deficiências que comprometem sua eficiência', '2023-04-03', 'Dada a identificação de deficiências no Filtro, essencial para a filtração, será conduzida uma substituição ou reparo das partes comprometidas. Isso assegurará que o Filtro recupere sua eficiência na remoção de impurezas');
insert into rejeicoes (pk_idRejeicao, fk_idPeca, fk_idInspecao, motivo, dataRejeicao, acoesCorretivas) values (7, 78, 32, 'O Rolo de Pressão foi reprovado na análise, demonstrando desgaste prematuro que afeta seu desempenho', '2023-05-04', 'Para corrigir o desgaste prematuro observado no Rolo de Pressão, serão realizadas melhorias no material e no processo de fabricação. Isso visa restaurar o desempenho adequado do componente');
insert into rejeicoes (pk_idRejeicao, fk_idPeca, fk_idInspecao, motivo, dataRejeicao, acoesCorretivas) values (8, 24, 33, 'O Motor Elétrico não atendeu aos padrões de confiabilidade, revelando falhas em sua operação', '2023-07-11', 'Diante da revelação de falhas no padrão de confiabilidade do Motor Elétrico, serão implementadas medidas corretivas. Isso incluirá reparos nas áreas afetadas e testes adicionais para garantir seu funcionamento confiável');
insert into rejeicoes (pk_idRejeicao, fk_idPeca, fk_idInspecao, motivo, dataRejeicao, acoesCorretivas) values (9, 55, 34, 'O Conector Elétrico, sujeito à inspeção minuciosa, revelou problemas em sua conectividade, comprometendo a transmissão eficiente de energia', '2023-03-07', 'Considerando os problemas de conectividade identificados no Conector Elétrico, serão realizadas verificações minuciosas e reparos nas conexões afetadas. Isso restabelecerá a transmissão eficiente de energia');
insert into rejeicoes (pk_idRejeicao, fk_idPeca, fk_idInspecao, motivo, dataRejeicao, acoesCorretivas) values (10, 87, 35, 'O Rolamento não atingiu os requisitos necessários de durabilidade e suavidade de rotação', '2023-04-11', 'Para atender aos requisitos de durabilidade e suavidade de rotação não atendidos pelo Rolamento, serão realizadas melhorias na fabricação e seleção de materiais, assegurando seu desempenho adequado');
insert into rejeicoes (pk_idRejeicao, fk_idPeca, fk_idInspecao, motivo, dataRejeicao, acoesCorretivas) values (11, 14, 36, 'A Transmissão foi reprovada na análise, apresentando irregularidades que afetam seu desempenho', '2023-08-10', 'Frente às irregularidades identificadas na Transmissão, serão conduzidas revisões e reparos. O objetivo é restaurar seu desempenho, garantindo seu funcionamento suave e eficiente');
insert into rejeicoes (pk_idRejeicao, fk_idPeca, fk_idInspecao, motivo, dataRejeicao, acoesCorretivas) values (12, 71, 37, 'O Bocal de Descarga não atendeu aos padrões exigidos, revelando falhas na liberação controlada', '2023-01-09', 'Considerando as falhas na liberação controlada do Bocal de Descarga, serão realizadas modificações para assegurar o cumprimento dos padrões exigidos. Isso incluirá ajustes no design e nas funcionalidades do componente');
insert into rejeicoes (pk_idRejeicao, fk_idPeca, fk_idInspecao, motivo, dataRejeicao, acoesCorretivas) values (13, 42, 38, 'O Rolamento de Esferas, componente essencial para a movimentação, não passou na inspeção, demonstrando uma construção que compromete sua durabilidade', '2023-03-05', 'Com base nas deficiências na construção identificadas no Rolamento de Esferas, serão conduzidas melhorias estruturais. Isso visa garantir sua durabilidade e desempenho adequado');
insert into rejeicoes (pk_idRejeicao, fk_idPeca, fk_idInspecao, motivo, dataRejeicao, acoesCorretivas) values (14, 66, 39, 'A Viga de Suporte revelou fragilidades estruturais durante a análise, comprometendo sua função de suporte', '2023-05-06', 'Para abordar as fragilidades estruturais na Viga de Suporte, será realizada uma reformulação do design e da construção. Isso assegurará que o componente cumpra sua função de suporte de maneira segura e eficaz');
insert into rejeicoes (pk_idRejeicao, fk_idPeca, fk_idInspecao, motivo, dataRejeicao, acoesCorretivas) values (15, 9, 40, 'A Roldana, componente crucial para a movimentação, apresentou falhas que impactam seu desempenho', '2023-11-10', 'Dadas as falhas que impactam o desempenho da Roldana, serão realizados ajustes e reparos. Isso visa garantir que o componente funcione corretamente na movimentação');
insert into rejeicoes (pk_idRejeicao, fk_idPeca, fk_idInspecao, motivo, dataRejeicao, acoesCorretivas) values (16, 38, 41, 'A Placa de Circuito, essencial para o controle elétrico, revelou defeitos que comprometem sua operação', '2023-08-06', 'Identificados defeitos que comprometem a operação da Placa de Circuito, serão conduzidos reparos específicos. Isso restaurará a funcionalidade essencial para o controle elétrico');
insert into rejeicoes (pk_idRejeicao, fk_idPeca, fk_idInspecao, motivo, dataRejeicao, acoesCorretivas) values (17, 70, 42, 'A Cinta Transportadora foi reprovada na inspeção, exibindo desgastes que afetam sua função de transporte', '2023-09-06', 'Diante dos desgastes identificados na Cinta Transportadora, serão realizadas substituições ou reparos para garantir seu funcionamento adequado no transporte de materiais');
insert into rejeicoes (pk_idRejeicao, fk_idPeca, fk_idInspecao, motivo, dataRejeicao, acoesCorretivas) values (18, 88, 43, 'A Grade de Proteção não atendeu aos requisitos necessários, comprometendo a segurança no ambiente de operação', '2023-03-08', 'Frente à não conformidade com os requisitos necessários da Grade de Proteção, serão realizadas modificações para garantir a segurança no ambiente de operação. Isso incluirá reforços estruturais conforme necessário');
insert into rejeicoes (pk_idRejeicao, fk_idPeca, fk_idInspecao, motivo, dataRejeicao, acoesCorretivas) values (19, 32, 44, 'Durante a inspeção, o Elemento de Aquecimento foi reprovado, revelando falhas críticas que comprometem sua eficiência no processo de aquecimento', '2023-03-06', 'Diante das falhas identificadas durante a inspeção do Elemento de Aquecimento,será implementado um plano de reparo ou substituição, visando restabelecer a eficiência operacional do Elemento de Aquecimento');
insert into rejeicoes (pk_idRejeicao, fk_idPeca, fk_idInspecao, motivo, dataRejeicao, acoesCorretivas) values (20, 1, 45, 'A Válvula de Regulagem não passou na análise, evidenciando problemas em sua capacidade de controle', '2023-08-05', 'Considerando os problemas evidenciados na capacidade de controle da Válvula de Regulagem, serão realizadas melhorias para garantir seu funcionamento adequado e confiável');
insert into rejeicoes (pk_idRejeicao, fk_idPeca, fk_idInspecao, motivo, dataRejeicao, acoesCorretivas) values (21, 57, 46, 'A Caldeira, crítica para o processo, apresentou falhas que afetam sua eficiência', '2023-03-06', 'Após a identificação de falhas que afetam a eficiência da Caldeira, serão implementadas medidas corretivas. Isso incluirá reparos e ajustes para assegurar seu desempenho adequado');
insert into rejeicoes (pk_idRejeicao, fk_idPeca, fk_idInspecao, motivo, dataRejeicao, acoesCorretivas) values (22, 83, 47, 'O Rolamento de Esferas, novamente presente, foi reprovado na inspeção, indicando deficiências na construção', '2023-04-03', 'Com base nas deficiências na construção identificadas no segundo Rolamento de Esferas, serão conduzidas melhorias estruturais. Isso visa garantir sua durabilidade e desempenho adequado');
insert into rejeicoes (pk_idRejeicao, fk_idPeca, fk_idInspecao, motivo, dataRejeicao, acoesCorretivas) values (23, 23, 48, 'O Filtro de Ar, componente crucial para a filtragem, apresentou falhas que comprometem sua eficácia', '2023-06-06', 'Considerando as falhas que comprometem a eficácia do Filtro de Ar, serão conduzidos reparos e substituições conforme necessário para restaurar sua funcionalidade');
insert into rejeicoes (pk_idRejeicao, fk_idPeca, fk_idInspecao, motivo, dataRejeicao, acoesCorretivas) values (24, 44, 49, 'A Rampa de Acesso não atendeu aos padrões exigidos, revelando problemas estruturais que comprometem a segurança', '2023-09-08', 'Dada a não conformidade com os padrões exigidos na Rampa de Acesso, serão realizadas melhorias estruturais para garantir a segurança durante o uso');
insert into rejeicoes (pk_idRejeicao, fk_idPeca, fk_idInspecao, motivo, dataRejeicao, acoesCorretivas) values (25, 79, 50, 'O Módulo de Energia, essencial para o controle, apresentou defeitos que afetam sua operação', '2023-06-10', 'Após a identificação de defeitos que afetam a operação do Módulo de Energia, serão realizados reparos específicos para restaurar sua funcionalidade essencial para o controle');

select * from rejeicoes; -- certo


insert into ordensDeProducao (pk_idOrdem, fk_idPeca, qtdParaProduzir, dataInicio, dataConclusao, statusOrdem) values (1, 20, 7, '2023-06-16', '2023-12-15', 'Em produção');
insert into ordensDeProducao (pk_idOrdem, fk_idPeca, qtdParaProduzir, dataInicio, dataConclusao, statusOrdem) values (2, 19, 4, '2023-01-23', '2023-06-05', 'Concluído');
insert into ordensDeProducao (pk_idOrdem, fk_idPeca, qtdParaProduzir, dataInicio, dataConclusao, statusOrdem) values (3, 74, 3, '2023-06-16', '2023-12-15', 'Em produção');
insert into ordensDeProducao (pk_idOrdem, fk_idPeca, qtdParaProduzir, dataInicio, dataConclusao, statusOrdem) values (4, 19, 14, '2023-01-23', '2023-06-05', 'Concluído');
insert into ordensDeProducao (pk_idOrdem, fk_idPeca, qtdParaProduzir, dataInicio, dataConclusao, statusOrdem) values (5, 53, 26, '2023-06-16', '2023-12-15', 'Em produção');
insert into ordensDeProducao (pk_idOrdem, fk_idPeca, qtdParaProduzir, dataInicio, dataConclusao, statusOrdem) values (6, 99, 14, '2023-01-23', '2023-06-05', 'Concluído');
insert into ordensDeProducao (pk_idOrdem, fk_idPeca, qtdParaProduzir, dataInicio, dataConclusao, statusOrdem) values (7, 28, 4, '2023-06-16', '2023-12-15', 'Em produção');
insert into ordensDeProducao (pk_idOrdem, fk_idPeca, qtdParaProduzir, dataInicio, dataConclusao, statusOrdem) values (8, 95, 8, '2023-01-23', '2023-06-05', 'Concluído');
insert into ordensDeProducao (pk_idOrdem, fk_idPeca, qtdParaProduzir, dataInicio, dataConclusao, statusOrdem) values (9, 37, 25, '2023-06-16', '2023-12-15', 'Em produção');
insert into ordensDeProducao (pk_idOrdem, fk_idPeca, qtdParaProduzir, dataInicio, dataConclusao, statusOrdem) values (10, 67, 12, '2023-06-16', '2023-12-15', 'Em produção');
insert into ordensDeProducao (pk_idOrdem, fk_idPeca, qtdParaProduzir, dataInicio, dataConclusao, statusOrdem) values (11, 38, 44, '2024-01-27', '2024-06-12', 'Em espera');
insert into ordensDeProducao (pk_idOrdem, fk_idPeca, qtdParaProduzir, dataInicio, dataConclusao, statusOrdem) values (12, 43, 32, '2024-01-27', '2024-06-12', 'Em espera');
insert into ordensDeProducao (pk_idOrdem, fk_idPeca, qtdParaProduzir, dataInicio, dataConclusao, statusOrdem) values (13, 42, 41, '2024-01-27', '2024-06-12', 'Em espera');
insert into ordensDeProducao (pk_idOrdem, fk_idPeca, qtdParaProduzir, dataInicio, dataConclusao, statusOrdem) values (14, 38, 16, '2023-01-23', '2023-06-05', 'Concluído');
insert into ordensDeProducao (pk_idOrdem, fk_idPeca, qtdParaProduzir, dataInicio, dataConclusao, statusOrdem) values (15, 84, 41, '2023-01-23', '2023-06-05', 'Concluído');
insert into ordensDeProducao (pk_idOrdem, fk_idPeca, qtdParaProduzir, dataInicio, dataConclusao, statusOrdem) values (16, 36, 50, '2023-06-16', '2023-12-15', 'Em produção');
insert into ordensDeProducao (pk_idOrdem, fk_idPeca, qtdParaProduzir, dataInicio, dataConclusao, statusOrdem) values (17, 99, 10, '2023-06-16', '2023-12-15', 'Em produção');
insert into ordensDeProducao (pk_idOrdem, fk_idPeca, qtdParaProduzir, dataInicio, dataConclusao, statusOrdem) values (18, 60, 37, '2024-01-27', '2024-06-12', 'Em espera');
insert into ordensDeProducao (pk_idOrdem, fk_idPeca, qtdParaProduzir, dataInicio, dataConclusao, statusOrdem) values (19, 42, 37, '2023-06-16', '2023-12-15', 'Em produção');
insert into ordensDeProducao (pk_idOrdem, fk_idPeca, qtdParaProduzir, dataInicio, dataConclusao, statusOrdem) values (20, 27, 50, '2024-01-27', '2024-06-12', 'Em espera');
insert into ordensDeProducao (pk_idOrdem, fk_idPeca, qtdParaProduzir, dataInicio, dataConclusao, statusOrdem) values (21, 46, 45, '2023-01-23', '2023-06-05', 'Concluído');
insert into ordensDeProducao (pk_idOrdem, fk_idPeca, qtdParaProduzir, dataInicio, dataConclusao, statusOrdem) values (22, 40, 29, '2023-01-23', '2023-06-05', 'Concluído');
insert into ordensDeProducao (pk_idOrdem, fk_idPeca, qtdParaProduzir, dataInicio, dataConclusao, statusOrdem) values (23, 60, 6, '2023-01-23', '2023-06-05', 'Concluído');
insert into ordensDeProducao (pk_idOrdem, fk_idPeca, qtdParaProduzir, dataInicio, dataConclusao, statusOrdem) values (24, 62, 41, '2024-01-27', '2024-06-12', 'Em espera');
insert into ordensDeProducao (pk_idOrdem, fk_idPeca, qtdParaProduzir, dataInicio, dataConclusao, statusOrdem) values (25, 48, 6, '2024-01-27', '2024-06-12', 'Em espera');
insert into ordensDeProducao (pk_idOrdem, fk_idPeca, qtdParaProduzir, dataInicio, dataConclusao, statusOrdem) values (26, 36, 50, '2024-01-27', '2024-06-12', 'Em espera');
insert into ordensDeProducao (pk_idOrdem, fk_idPeca, qtdParaProduzir, dataInicio, dataConclusao, statusOrdem) values (27, 88, 36, '2024-01-27', '2024-06-12', 'Em espera');
insert into ordensDeProducao (pk_idOrdem, fk_idPeca, qtdParaProduzir, dataInicio, dataConclusao, statusOrdem) values (28, 11, 6, '2023-06-16', '2023-12-15', 'Em produção');
insert into ordensDeProducao (pk_idOrdem, fk_idPeca, qtdParaProduzir, dataInicio, dataConclusao, statusOrdem) values (29, 94, 8, '2024-01-27', '2024-06-12', 'Em espera');
insert into ordensDeProducao (pk_idOrdem, fk_idPeca, qtdParaProduzir, dataInicio, dataConclusao, statusOrdem) values (30, 17, 29, '2023-06-16', '2023-12-15', 'Em produção');
insert into ordensDeProducao (pk_idOrdem, fk_idPeca, qtdParaProduzir, dataInicio, dataConclusao, statusOrdem) values (31, 92, 45, '2023-01-23', '2023-06-05', 'Concluído');
insert into ordensDeProducao (pk_idOrdem, fk_idPeca, qtdParaProduzir, dataInicio, dataConclusao, statusOrdem) values (32, 72, 26, '2023-01-23', '2023-06-05', 'Concluído');
insert into ordensDeProducao (pk_idOrdem, fk_idPeca, qtdParaProduzir, dataInicio, dataConclusao, statusOrdem) values (33, 8, 30, '2024-01-27', '2024-06-12', 'Em espera');
insert into ordensDeProducao (pk_idOrdem, fk_idPeca, qtdParaProduzir, dataInicio, dataConclusao, statusOrdem) values (34, 31, 27, '2023-06-16', '2023-12-15', 'Em produção');
insert into ordensDeProducao (pk_idOrdem, fk_idPeca, qtdParaProduzir, dataInicio, dataConclusao, statusOrdem) values (35, 68, 22, '2023-06-16', '2023-12-15', 'Em produção');
insert into ordensDeProducao (pk_idOrdem, fk_idPeca, qtdParaProduzir, dataInicio, dataConclusao, statusOrdem) values (36, 82, 14, '2023-06-16', '2023-12-15', 'Em produção');
insert into ordensDeProducao (pk_idOrdem, fk_idPeca, qtdParaProduzir, dataInicio, dataConclusao, statusOrdem) values (37, 13, 15, '2024-01-27', '2024-06-12', 'Em espera');
insert into ordensDeProducao (pk_idOrdem, fk_idPeca, qtdParaProduzir, dataInicio, dataConclusao, statusOrdem) values (38, 8, 8, '2023-01-23', '2023-06-05', 'Concluído');
insert into ordensDeProducao (pk_idOrdem, fk_idPeca, qtdParaProduzir, dataInicio, dataConclusao, statusOrdem) values (39, 82, 36, '2024-01-27', '2024-06-12', 'Em espera');
insert into ordensDeProducao (pk_idOrdem, fk_idPeca, qtdParaProduzir, dataInicio, dataConclusao, statusOrdem) values (40, 36, 27, '2024-01-27', '2024-06-12', 'Em espera');
insert into ordensDeProducao (pk_idOrdem, fk_idPeca, qtdParaProduzir, dataInicio, dataConclusao, statusOrdem) values (41, 29, 14, '2023-01-23', '2023-06-05', 'Concluído');
insert into ordensDeProducao (pk_idOrdem, fk_idPeca, qtdParaProduzir, dataInicio, dataConclusao, statusOrdem) values (42, 41, 21, '2024-01-27', '2024-06-12', 'Em espera');
insert into ordensDeProducao (pk_idOrdem, fk_idPeca, qtdParaProduzir, dataInicio, dataConclusao, statusOrdem) values (43, 14, 34, '2024-01-27', '2024-06-12', 'Em espera');
insert into ordensDeProducao (pk_idOrdem, fk_idPeca, qtdParaProduzir, dataInicio, dataConclusao, statusOrdem) values (44, 51, 25, '2024-01-27', '2024-06-12', 'Em espera');
insert into ordensDeProducao (pk_idOrdem, fk_idPeca, qtdParaProduzir, dataInicio, dataConclusao, statusOrdem) values (45, 67, 26, '2024-01-27', '2024-06-12', 'Em espera');
insert into ordensDeProducao (pk_idOrdem, fk_idPeca, qtdParaProduzir, dataInicio, dataConclusao, statusOrdem) values (46, 22, 12, '2024-01-27', '2024-06-12', 'Em espera');
insert into ordensDeProducao (pk_idOrdem, fk_idPeca, qtdParaProduzir, dataInicio, dataConclusao, statusOrdem) values (47, 61, 23, '2023-06-16', '2023-12-15', 'Em produção');
insert into ordensDeProducao (pk_idOrdem, fk_idPeca, qtdParaProduzir, dataInicio, dataConclusao, statusOrdem) values (48, 43, 16, '2024-01-27', '2024-06-12', 'Em espera');
insert into ordensDeProducao (pk_idOrdem, fk_idPeca, qtdParaProduzir, dataInicio, dataConclusao, statusOrdem) values (49, 29, 41, '2024-01-27', '2024-06-12', 'Em espera');
insert into ordensDeProducao (pk_idOrdem, fk_idPeca, qtdParaProduzir, dataInicio, dataConclusao, statusOrdem) values (50, 83, 21, '2024-01-27', '2024-06-12', 'Em espera');
insert into ordensDeProducao (pk_idOrdem, fk_idPeca, qtdParaProduzir, dataInicio, dataConclusao, statusOrdem) values (51, 75, 13, '2024-01-27', '2024-06-12', 'Em espera');
insert into ordensDeProducao (pk_idOrdem, fk_idPeca, qtdParaProduzir, dataInicio, dataConclusao, statusOrdem) values (52, 29, 26, '2024-01-27', '2024-06-12', 'Em espera');
insert into ordensDeProducao (pk_idOrdem, fk_idPeca, qtdParaProduzir, dataInicio, dataConclusao, statusOrdem) values (53, 43, 25, '2023-01-23', '2023-06-05', 'Concluído');
insert into ordensDeProducao (pk_idOrdem, fk_idPeca, qtdParaProduzir, dataInicio, dataConclusao, statusOrdem) values (54, 19, 12, '2023-06-16', '2023-12-15', 'Em produção');
insert into ordensDeProducao (pk_idOrdem, fk_idPeca, qtdParaProduzir, dataInicio, dataConclusao, statusOrdem) values (55, 86, 41, '2024-01-27', '2024-06-12', 'Em espera');
insert into ordensDeProducao (pk_idOrdem, fk_idPeca, qtdParaProduzir, dataInicio, dataConclusao, statusOrdem) values (56, 6, 4, '2023-01-23', '2023-06-05', 'Concluído');
insert into ordensDeProducao (pk_idOrdem, fk_idPeca, qtdParaProduzir, dataInicio, dataConclusao, statusOrdem) values (57, 28, 20, '2023-01-23', '2023-06-05', 'Concluído');
insert into ordensDeProducao (pk_idOrdem, fk_idPeca, qtdParaProduzir, dataInicio, dataConclusao, statusOrdem) values (58, 18, 28, '2023-01-23', '2023-06-05', 'Concluído');
insert into ordensDeProducao (pk_idOrdem, fk_idPeca, qtdParaProduzir, dataInicio, dataConclusao, statusOrdem) values (59, 79, 34, '2023-01-23', '2023-06-05', 'Concluído');
insert into ordensDeProducao (pk_idOrdem, fk_idPeca, qtdParaProduzir, dataInicio, dataConclusao, statusOrdem) values (60, 41, 12, '2023-01-23', '2023-06-05', 'Concluído');
insert into ordensDeProducao (pk_idOrdem, fk_idPeca, qtdParaProduzir, dataInicio, dataConclusao, statusOrdem) values (61, 29, 14, '2024-01-27', '2024-06-12', 'Em espera');
insert into ordensDeProducao (pk_idOrdem, fk_idPeca, qtdParaProduzir, dataInicio, dataConclusao, statusOrdem) values (62, 54, 49, '2024-01-27', '2024-06-12', 'Em espera');
insert into ordensDeProducao (pk_idOrdem, fk_idPeca, qtdParaProduzir, dataInicio, dataConclusao, statusOrdem) values (63, 64, 12, '2023-01-23', '2023-06-05', 'Concluído');
insert into ordensDeProducao (pk_idOrdem, fk_idPeca, qtdParaProduzir, dataInicio, dataConclusao, statusOrdem) values (64, 65, 36, '2024-01-27', '2024-06-12', 'Em espera');
insert into ordensDeProducao (pk_idOrdem, fk_idPeca, qtdParaProduzir, dataInicio, dataConclusao, statusOrdem) values (65, 59, 43, '2023-01-23', '2023-06-05', 'Concluído');
insert into ordensDeProducao (pk_idOrdem, fk_idPeca, qtdParaProduzir, dataInicio, dataConclusao, statusOrdem) values (66, 61, 38, '2023-01-23', '2023-06-05', 'Concluído');
insert into ordensDeProducao (pk_idOrdem, fk_idPeca, qtdParaProduzir, dataInicio, dataConclusao, statusOrdem) values (67, 45, 40, '2024-01-27', '2024-06-12', 'Em espera');
insert into ordensDeProducao (pk_idOrdem, fk_idPeca, qtdParaProduzir, dataInicio, dataConclusao, statusOrdem) values (68, 34, 46, '2023-01-23', '2023-06-05', 'Concluído');
insert into ordensDeProducao (pk_idOrdem, fk_idPeca, qtdParaProduzir, dataInicio, dataConclusao, statusOrdem) values (69, 76, 45, '2024-01-27', '2024-06-12', 'Em espera');
insert into ordensDeProducao (pk_idOrdem, fk_idPeca, qtdParaProduzir, dataInicio, dataConclusao, statusOrdem) values (70, 27, 35, '2023-06-16', '2023-12-15', 'Em produção');
insert into ordensDeProducao (pk_idOrdem, fk_idPeca, qtdParaProduzir, dataInicio, dataConclusao, statusOrdem) values (71, 33, 27, '2023-01-23', '2023-06-05', 'Concluído');
insert into ordensDeProducao (pk_idOrdem, fk_idPeca, qtdParaProduzir, dataInicio, dataConclusao, statusOrdem) values (72, 34, 31, '2024-01-27', '2024-06-12', 'Em espera');
insert into ordensDeProducao (pk_idOrdem, fk_idPeca, qtdParaProduzir, dataInicio, dataConclusao, statusOrdem) values (73, 24, 34, '2024-01-27', '2024-06-12', 'Em espera');
insert into ordensDeProducao (pk_idOrdem, fk_idPeca, qtdParaProduzir, dataInicio, dataConclusao, statusOrdem) values (74, 35, 42, '2023-06-16', '2023-12-15', 'Em produção');
insert into ordensDeProducao (pk_idOrdem, fk_idPeca, qtdParaProduzir, dataInicio, dataConclusao, statusOrdem) values (75, 11, 13, '2024-01-27', '2024-06-12', 'Em espera');
insert into ordensDeProducao (pk_idOrdem, fk_idPeca, qtdParaProduzir, dataInicio, dataConclusao, statusOrdem) values (76, 65, 44, '2024-01-27', '2024-06-12', 'Em espera');
insert into ordensDeProducao (pk_idOrdem, fk_idPeca, qtdParaProduzir, dataInicio, dataConclusao, statusOrdem) values (77, 42, 28, '2023-06-16', '2023-12-15', 'Em produção');
insert into ordensDeProducao (pk_idOrdem, fk_idPeca, qtdParaProduzir, dataInicio, dataConclusao, statusOrdem) values (78, 91, 22, '2023-06-16', '2023-12-15', 'Em produção');
insert into ordensDeProducao (pk_idOrdem, fk_idPeca, qtdParaProduzir, dataInicio, dataConclusao, statusOrdem) values (79, 99, 28, '2024-01-27', '2024-06-12', 'Em espera');
insert into ordensDeProducao (pk_idOrdem, fk_idPeca, qtdParaProduzir, dataInicio, dataConclusao, statusOrdem) values (80, 50, 40, '2024-01-27', '2024-06-12', 'Em espera');
insert into ordensDeProducao (pk_idOrdem, fk_idPeca, qtdParaProduzir, dataInicio, dataConclusao, statusOrdem) values (81, 100, 15, '2023-06-16', '2023-12-15', 'Em produção');
insert into ordensDeProducao (pk_idOrdem, fk_idPeca, qtdParaProduzir, dataInicio, dataConclusao, statusOrdem) values (82, 76, 49, '2024-01-27', '2024-06-12', 'Em espera');
insert into ordensDeProducao (pk_idOrdem, fk_idPeca, qtdParaProduzir, dataInicio, dataConclusao, statusOrdem) values (83, 54, 45, '2023-01-23', '2023-06-05', 'Concluído');
insert into ordensDeProducao (pk_idOrdem, fk_idPeca, qtdParaProduzir, dataInicio, dataConclusao, statusOrdem) values (84, 41, 34, '2024-01-27', '2024-06-12', 'Em espera');
insert into ordensDeProducao (pk_idOrdem, fk_idPeca, qtdParaProduzir, dataInicio, dataConclusao, statusOrdem) values (85, 54, 42, '2023-01-23', '2023-06-05', 'Concluído');
insert into ordensDeProducao (pk_idOrdem, fk_idPeca, qtdParaProduzir, dataInicio, dataConclusao, statusOrdem) values (86, 7, 14, '2023-06-16', '2023-12-15', 'Em produção');
insert into ordensDeProducao (pk_idOrdem, fk_idPeca, qtdParaProduzir, dataInicio, dataConclusao, statusOrdem) values (87, 55, 41, '2024-01-27', '2024-06-12', 'Em espera');
insert into ordensDeProducao (pk_idOrdem, fk_idPeca, qtdParaProduzir, dataInicio, dataConclusao, statusOrdem) values (88, 27, 41, '2024-01-27', '2024-06-12', 'Em espera');
insert into ordensDeProducao (pk_idOrdem, fk_idPeca, qtdParaProduzir, dataInicio, dataConclusao, statusOrdem) values (89, 96, 49, '2023-01-23', '2023-06-05', 'Concluído');
insert into ordensDeProducao (pk_idOrdem, fk_idPeca, qtdParaProduzir, dataInicio, dataConclusao, statusOrdem) values (90, 15, 20, '2024-01-27', '2024-06-12', 'Em espera');
insert into ordensDeProducao (pk_idOrdem, fk_idPeca, qtdParaProduzir, dataInicio, dataConclusao, statusOrdem) values (91, 81, 7, '2024-01-27', '2024-06-12', 'Em espera');
insert into ordensDeProducao (pk_idOrdem, fk_idPeca, qtdParaProduzir, dataInicio, dataConclusao, statusOrdem) values (92, 70, 36, '2024-01-27', '2024-06-12', 'Em espera');
insert into ordensDeProducao (pk_idOrdem, fk_idPeca, qtdParaProduzir, dataInicio, dataConclusao, statusOrdem) values (93, 58, 24, '2023-06-16', '2023-12-15', 'Em produção');
insert into ordensDeProducao (pk_idOrdem, fk_idPeca, qtdParaProduzir, dataInicio, dataConclusao, statusOrdem) values (94, 82, 28, '2023-06-16', '2023-12-15', 'Em produção');
insert into ordensDeProducao (pk_idOrdem, fk_idPeca, qtdParaProduzir, dataInicio, dataConclusao, statusOrdem) values (95, 11, 35, '2023-06-16', '2023-12-15', 'Em produção');
insert into ordensDeProducao (pk_idOrdem, fk_idPeca, qtdParaProduzir, dataInicio, dataConclusao, statusOrdem) values (96, 73, 18, '2023-06-16', '2023-12-15', 'Em produção');
insert into ordensDeProducao (pk_idOrdem, fk_idPeca, qtdParaProduzir, dataInicio, dataConclusao, statusOrdem) values (97, 94, 22, '2023-01-23', '2023-06-05', 'Concluído');
insert into ordensDeProducao (pk_idOrdem, fk_idPeca, qtdParaProduzir, dataInicio, dataConclusao, statusOrdem) values (98, 35, 23, '2023-06-16', '2023-12-15', 'Em produção');
insert into ordensDeProducao (pk_idOrdem, fk_idPeca, qtdParaProduzir, dataInicio, dataConclusao, statusOrdem) values (99, 7, 29, '2024-01-27', '2024-06-12', 'Em espera');
insert into ordensDeProducao (pk_idOrdem, fk_idPeca, qtdParaProduzir, dataInicio, dataConclusao, statusOrdem) values (100, 23, 6, '2023-06-16', '2023-12-15', 'Em produção');
insert into ordensDeProducao (pk_idOrdem, fk_idPeca, qtdParaProduzir, dataInicio, dataConclusao, statusOrdem) values (101, 61, 8, '2023-01-23', '2023-06-05', 'Concluído');
insert into ordensDeProducao (pk_idOrdem, fk_idPeca, qtdParaProduzir, dataInicio, dataConclusao, statusOrdem) values (102, 30, 37, '2023-06-16', '2023-12-15', 'Em produção');
insert into ordensDeProducao (pk_idOrdem, fk_idPeca, qtdParaProduzir, dataInicio, dataConclusao, statusOrdem) values (103, 50, 44, '2023-01-23', '2023-06-05', 'Concluído');
insert into ordensDeProducao (pk_idOrdem, fk_idPeca, qtdParaProduzir, dataInicio, dataConclusao, statusOrdem) values (104, 55, 37, '2023-01-23', '2023-06-05', 'Concluído');
insert into ordensDeProducao (pk_idOrdem, fk_idPeca, qtdParaProduzir, dataInicio, dataConclusao, statusOrdem) values (105, 93, 27, '2023-01-23', '2023-06-05', 'Concluído');
insert into ordensDeProducao (pk_idOrdem, fk_idPeca, qtdParaProduzir, dataInicio, dataConclusao, statusOrdem) values (106, 33, 32, '2023-06-16', '2023-12-15', 'Em produção');
insert into ordensDeProducao (pk_idOrdem, fk_idPeca, qtdParaProduzir, dataInicio, dataConclusao, statusOrdem) values (107, 80, 26, '2023-01-23', '2023-06-05', 'Concluído');
insert into ordensDeProducao (pk_idOrdem, fk_idPeca, qtdParaProduzir, dataInicio, dataConclusao, statusOrdem) values (108, 82, 1, '2023-06-16', '2023-12-15', 'Em produção');
insert into ordensDeProducao (pk_idOrdem, fk_idPeca, qtdParaProduzir, dataInicio, dataConclusao, statusOrdem) values (109, 53, 7, '2023-06-16', '2023-12-15', 'Em produção');
insert into ordensDeProducao (pk_idOrdem, fk_idPeca, qtdParaProduzir, dataInicio, dataConclusao, statusOrdem) values (110, 11, 41, '2024-01-27', '2024-06-12', 'Em espera');
insert into ordensDeProducao (pk_idOrdem, fk_idPeca, qtdParaProduzir, dataInicio, dataConclusao, statusOrdem) values (111, 89, 1, '2023-01-23', '2023-06-05', 'Concluído');
insert into ordensDeProducao (pk_idOrdem, fk_idPeca, qtdParaProduzir, dataInicio, dataConclusao, statusOrdem) values (112, 12, 22, '2024-01-27', '2024-06-12', 'Em espera');
insert into ordensDeProducao (pk_idOrdem, fk_idPeca, qtdParaProduzir, dataInicio, dataConclusao, statusOrdem) values (113, 21, 37, '2024-01-27', '2024-06-12', 'Em espera');
insert into ordensDeProducao (pk_idOrdem, fk_idPeca, qtdParaProduzir, dataInicio, dataConclusao, statusOrdem) values (114, 48, 24, '2023-06-16', '2023-12-15', 'Em produção');
insert into ordensDeProducao (pk_idOrdem, fk_idPeca, qtdParaProduzir, dataInicio, dataConclusao, statusOrdem) values (115, 99, 38, '2024-01-27', '2024-06-12', 'Em espera');
insert into ordensDeProducao (pk_idOrdem, fk_idPeca, qtdParaProduzir, dataInicio, dataConclusao, statusOrdem) values (116, 77, 8, '2024-01-27', '2024-06-12', 'Em espera');
insert into ordensDeProducao (pk_idOrdem, fk_idPeca, qtdParaProduzir, dataInicio, dataConclusao, statusOrdem) values (117, 9, 24, '2024-01-27', '2024-06-12', 'Em espera');
insert into ordensDeProducao (pk_idOrdem, fk_idPeca, qtdParaProduzir, dataInicio, dataConclusao, statusOrdem) values (118, 58, 16, '2023-06-16', '2023-12-15', 'Em produção');
insert into ordensDeProducao (pk_idOrdem, fk_idPeca, qtdParaProduzir, dataInicio, dataConclusao, statusOrdem) values (119, 27, 49, '2023-01-23', '2023-06-05', 'Concluído');
insert into ordensDeProducao (pk_idOrdem, fk_idPeca, qtdParaProduzir, dataInicio, dataConclusao, statusOrdem) values (120, 37, 39, '2023-01-23', '2023-06-05', 'Concluído');
insert into ordensDeProducao (pk_idOrdem, fk_idPeca, qtdParaProduzir, dataInicio, dataConclusao, statusOrdem) values (121, 74, 14, '2024-01-27', '2024-06-12', 'Em espera');
insert into ordensDeProducao (pk_idOrdem, fk_idPeca, qtdParaProduzir, dataInicio, dataConclusao, statusOrdem) values (122, 83, 46, '2023-01-23', '2023-06-05', 'Concluído');
insert into ordensDeProducao (pk_idOrdem, fk_idPeca, qtdParaProduzir, dataInicio, dataConclusao, statusOrdem) values (123, 88, 15, '2023-01-23', '2023-06-05', 'Concluído');
insert into ordensDeProducao (pk_idOrdem, fk_idPeca, qtdParaProduzir, dataInicio, dataConclusao, statusOrdem) values (124, 40, 30, '2024-01-27', '2024-06-12', 'Em espera');
insert into ordensDeProducao (pk_idOrdem, fk_idPeca, qtdParaProduzir, dataInicio, dataConclusao, statusOrdem) values (125, 20, 20, '2023-06-16', '2023-12-15', 'Em produção');
insert into ordensDeProducao (pk_idOrdem, fk_idPeca, qtdParaProduzir, dataInicio, dataConclusao, statusOrdem) values (126, 3, 13, '2024-01-27', '2024-06-12', 'Em espera');
insert into ordensDeProducao (pk_idOrdem, fk_idPeca, qtdParaProduzir, dataInicio, dataConclusao, statusOrdem) values (127, 7, 11, '2023-06-16', '2023-12-15', 'Em produção');
insert into ordensDeProducao (pk_idOrdem, fk_idPeca, qtdParaProduzir, dataInicio, dataConclusao, statusOrdem) values (128, 15, 17, '2023-01-23', '2023-06-05', 'Concluído');
insert into ordensDeProducao (pk_idOrdem, fk_idPeca, qtdParaProduzir, dataInicio, dataConclusao, statusOrdem) values (129, 22, 48, '2024-01-27', '2024-06-12', 'Em espera');
insert into ordensDeProducao (pk_idOrdem, fk_idPeca, qtdParaProduzir, dataInicio, dataConclusao, statusOrdem) values (130, 73, 44, '2023-06-16', '2023-12-15', 'Em produção');
insert into ordensDeProducao (pk_idOrdem, fk_idPeca, qtdParaProduzir, dataInicio, dataConclusao, statusOrdem) values (131, 23, 35, '2024-01-27', '2024-06-12', 'Em espera');
insert into ordensDeProducao (pk_idOrdem, fk_idPeca, qtdParaProduzir, dataInicio, dataConclusao, statusOrdem) values (132, 80, 9, '2023-01-23', '2023-06-05', 'Concluído');
insert into ordensDeProducao (pk_idOrdem, fk_idPeca, qtdParaProduzir, dataInicio, dataConclusao, statusOrdem) values (133, 51, 27, '2023-06-16', '2023-12-15', 'Em produção');
insert into ordensDeProducao (pk_idOrdem, fk_idPeca, qtdParaProduzir, dataInicio, dataConclusao, statusOrdem) values (134, 60, 16, '2024-01-27', '2024-06-12', 'Em espera');
insert into ordensDeProducao (pk_idOrdem, fk_idPeca, qtdParaProduzir, dataInicio, dataConclusao, statusOrdem) values (135, 80, 45, '2023-06-16', '2023-12-15', 'Em produção');
insert into ordensDeProducao (pk_idOrdem, fk_idPeca, qtdParaProduzir, dataInicio, dataConclusao, statusOrdem) values (136, 13, 47, '2023-06-16', '2023-12-15', 'Em produção');
insert into ordensDeProducao (pk_idOrdem, fk_idPeca, qtdParaProduzir, dataInicio, dataConclusao, statusOrdem) values (137, 13, 36, '2023-06-16', '2023-12-15', 'Em produção');
insert into ordensDeProducao (pk_idOrdem, fk_idPeca, qtdParaProduzir, dataInicio, dataConclusao, statusOrdem) values (138, 91, 39, '2023-01-23', '2023-06-05', 'Concluído');
insert into ordensDeProducao (pk_idOrdem, fk_idPeca, qtdParaProduzir, dataInicio, dataConclusao, statusOrdem) values (139, 19, 11, '2023-01-23', '2023-06-05', 'Concluído');
insert into ordensDeProducao (pk_idOrdem, fk_idPeca, qtdParaProduzir, dataInicio, dataConclusao, statusOrdem) values (140, 71, 21, '2023-01-23', '2023-06-05', 'Concluído');
insert into ordensDeProducao (pk_idOrdem, fk_idPeca, qtdParaProduzir, dataInicio, dataConclusao, statusOrdem) values (141, 26, 47, '2023-01-23', '2023-06-05', 'Concluído');
insert into ordensDeProducao (pk_idOrdem, fk_idPeca, qtdParaProduzir, dataInicio, dataConclusao, statusOrdem) values (142, 80, 17, '2024-01-27', '2024-06-12', 'Em espera');
insert into ordensDeProducao (pk_idOrdem, fk_idPeca, qtdParaProduzir, dataInicio, dataConclusao, statusOrdem) values (143, 35, 12, '2024-01-27', '2024-06-12', 'Em espera');
insert into ordensDeProducao (pk_idOrdem, fk_idPeca, qtdParaProduzir, dataInicio, dataConclusao, statusOrdem) values (144, 32, 1, '2024-01-27', '2024-06-12', 'Em espera');
insert into ordensDeProducao (pk_idOrdem, fk_idPeca, qtdParaProduzir, dataInicio, dataConclusao, statusOrdem) values (145, 77, 7, '2023-06-16', '2023-12-15', 'Em produção');
insert into ordensDeProducao (pk_idOrdem, fk_idPeca, qtdParaProduzir, dataInicio, dataConclusao, statusOrdem) values (146, 99, 16, '2023-06-16', '2023-12-15', 'Em produção');
insert into ordensDeProducao (pk_idOrdem, fk_idPeca, qtdParaProduzir, dataInicio, dataConclusao, statusOrdem) values (147, 31, 30, '2023-06-16', '2023-12-15', 'Em produção');
insert into ordensDeProducao (pk_idOrdem, fk_idPeca, qtdParaProduzir, dataInicio, dataConclusao, statusOrdem) values (148, 49, 6, '2024-01-27', '2024-06-12', 'Em espera');
insert into ordensDeProducao (pk_idOrdem, fk_idPeca, qtdParaProduzir, dataInicio, dataConclusao, statusOrdem) values (149, 59, 8, '2023-01-23', '2023-06-05', 'Concluído');
insert into ordensDeProducao (pk_idOrdem, fk_idPeca, qtdParaProduzir, dataInicio, dataConclusao, statusOrdem) values (150, 24, 39, '2023-06-16', '2023-12-15', 'Em produção');
insert into ordensDeProducao (pk_idOrdem, fk_idPeca, qtdParaProduzir, dataInicio, dataConclusao, statusOrdem) values (151, 25, 39, '2023-06-16', '2023-12-15', 'Em produção');
insert into ordensDeProducao (pk_idOrdem, fk_idPeca, qtdParaProduzir, dataInicio, dataConclusao, statusOrdem) values (152, 16, 2, '2023-06-16', '2023-12-15', 'Em produção');
insert into ordensDeProducao (pk_idOrdem, fk_idPeca, qtdParaProduzir, dataInicio, dataConclusao, statusOrdem) values (153, 39, 41, '2024-01-27', '2024-06-12', 'Em espera');
insert into ordensDeProducao (pk_idOrdem, fk_idPeca, qtdParaProduzir, dataInicio, dataConclusao, statusOrdem) values (154, 20, 46, '2024-01-27', '2024-06-12', 'Em espera');
insert into ordensDeProducao (pk_idOrdem, fk_idPeca, qtdParaProduzir, dataInicio, dataConclusao, statusOrdem) values (155, 85, 28, '2023-06-16', '2023-12-15', 'Em produção');
insert into ordensDeProducao (pk_idOrdem, fk_idPeca, qtdParaProduzir, dataInicio, dataConclusao, statusOrdem) values (156, 39, 35, '2024-01-27', '2024-06-12', 'Em espera');
insert into ordensDeProducao (pk_idOrdem, fk_idPeca, qtdParaProduzir, dataInicio, dataConclusao, statusOrdem) values (157, 36, 32, '2024-01-27', '2024-06-12', 'Em espera');
insert into ordensDeProducao (pk_idOrdem, fk_idPeca, qtdParaProduzir, dataInicio, dataConclusao, statusOrdem) values (158, 29, 28, '2023-06-16', '2023-12-15', 'Em produção');

select * from ordensdeproducao; -- certo

insert into maquinas (pk_idMaquina, nome, descricao, capacidadeMaxima, ultimaManutencao) values (1, 'Tornos CNC', 'Máquina versátil de alta precisão que realiza usinagem precisa em peças metálicas, garantindo acabamento refinado', 'Suporta até 2 toneladas', '2023-11-11');
insert into maquinas (pk_idMaquina, nome, descricao, capacidadeMaxima, ultimaManutencao) values (2, 'Fresadoras de Alta Precisão', 'Equipamento essencial na produção, realiza cortes precisos e complexos em materiais diversos, assegurando qualidade e eficiência', 'Capacidade de suporte de 1.5 toneladas', '2023-03-22');
insert into maquinas (pk_idMaquina, nome, descricao, capacidadeMaxima, ultimaManutencao) values (3, 'Máquina de Eletroerosão', 'Utiliza descargas elétricas para moldar peças delicadas, ideal para componentes de geometria intrincada e elevada precisão', 'Suporta peças de até 500 kg', '2023-03-22');
insert into maquinas (pk_idMaquina, nome, descricao, capacidadeMaxima, ultimaManutencao) values (4, 'Centro de Usinagem Vertical', 'Automatiza a produção, realizando usinagem em múltiplos eixos, proporcionando eficiência em processos industriais', 'Capacidade de suporte de 3 toneladas', '2023-03-22');
insert into maquinas (pk_idMaquina, nome, descricao, capacidadeMaxima, ultimaManutencao) values (5, 'Máquina de Corte a Laser', 'Precisa e rápida, é fundamental para cortar materiais diversos, desde metais até plásticos, com mínima perda de material', 'Suporta materiais com até 10 mm de espessura', '2023-03-22');
insert into maquinas (pk_idMaquina, nome, descricao, capacidadeMaxima, ultimaManutencao) values (6, 'Prensas Hidráulicas', 'Utilizada na conformação de materiais, oferece alta força e controle, essencial para a fabricação de peças de metal', 'Varia de 20 toneladas a 500 toneladas', '2023-03-22');
insert into maquinas (pk_idMaquina, nome, descricao, capacidadeMaxima, ultimaManutencao) values (7, 'Injetora de Plástico', 'Molda produtos plásticos com precisão, sendo crucial na produção de peças para setores automotivos, eletrônicos e de embalagens', 'Capacidade de suporte de 2 toneladas', '2023-03-22');
insert into maquinas (pk_idMaquina, nome, descricao, capacidadeMaxima, ultimaManutencao) values (8, 'Máquina de Solda a Arco', 'Funde materiais metálicos de forma eficiente, essencial na fabricação de estruturas robustas e duráveis', 'Suporta materiais de até 5 mm de espessura', '2023-03-22');
insert into maquinas (pk_idMaquina, nome, descricao, capacidadeMaxima, ultimaManutencao) values (9, 'Dobradeira de Chapas', 'Dobra chapas metálicas com precisão, contribuindo para a formação de peças estruturais e componentes industriais', 'Capacidade de suporte de 3 toneladas', '2023-03-22');
insert into maquinas (pk_idMaquina, nome, descricao, capacidadeMaxima, ultimaManutencao) values (10, 'Retífica Cilíndrica', 'Garante a precisão dimensional e acabamento perfeito em peças cilíndricas, crucial para componentes de alta exigência', 'Suporta peças de até 500 kg', '2023-07-15');
insert into maquinas (pk_idMaquina, nome, descricao, capacidadeMaxima, ultimaManutencao) values (11, 'Máquina de Eletroforese', 'Utilizada para revestir peças com materiais condutores, proporcionando proteção contra corrosão e aumentando a durabilidade', 'Capacidade de suporte de 1 tonelada', '2023-07-15');
insert into maquinas (pk_idMaquina, nome, descricao, capacidadeMaxima, ultimaManutencao) values (12, 'Fresadora de Engrenagens', 'Especializada na produção precisa de engrenagens, garantindo a funcionalidade e a eficiência em sistemas mecânicos', 'Suporta até 2.5 toneladas', '2023-07-15');
insert into maquinas (pk_idMaquina, nome, descricao, capacidadeMaxima, ultimaManutencao) values (13, 'Máquina de Moldagem por Injeção', 'Funde e molda plásticos sob alta pressão, sendo essencial na produção em larga escala de peças plásticas', 'Varia de 100 g a 10 kg, dependendo do modelo', '2023-07-15');
insert into maquinas (pk_idMaquina, nome, descricao, capacidadeMaxima, ultimaManutencao) values (14, 'Puncionadeira CNC', 'Realiza furos e operações de corte em chapas metálicas com alta precisão, contribuindo para a produção eficiente', 'Capacidade de suporte de 5 toneladas', '2023-07-15');
insert into maquinas (pk_idMaquina, nome, descricao, capacidadeMaxima, ultimaManutencao) values (15, 'Serra de Fita Automática', 'Eficiente em cortes lineares e angulares, sendo crucial para o processo de corte preciso em diversos materiais', 'Suporta materiais com até 300 mm de diâmetro', '2023-07-15');
insert into maquinas (pk_idMaquina, nome, descricao, capacidadeMaxima, ultimaManutencao) values (16, 'Máquina de Solda por Ultrassom', 'Une peças plásticas através de vibrações ultrassônicas, proporcionando soldagens rápidas e consistentes', 'Varia de 5 kg a 50 kg, dependendo do modelo', '2022-12-13');
insert into maquinas (pk_idMaquina, nome, descricao, capacidadeMaxima, ultimaManutencao) values (17, 'Torno Automático', 'Realiza operações de usinagem em alta velocidade, contribuindo para a produção eficiente de peças de precisão', 'Capacidade de suporte de 1 tonelada', '2022-12-13');
insert into maquinas (pk_idMaquina, nome, descricao, capacidadeMaxima, ultimaManutencao) values (18, 'Máquina de Trefilação', 'Reduz o diâmetro de materiais como metais e plásticos, sendo essencial na produção de fios e tubos', 'Suporta até 500 kg', '2022-12-13');
insert into maquinas (pk_idMaquina, nome, descricao, capacidadeMaxima, ultimaManutencao) values (19, 'Prensa Excêntrica', 'Utilizada para operações de corte e conformação em materiais metálicos, proporcionando eficiência na produção', 'Varia de 10 toneladas a 200 toneladas', '2022-12-13');
insert into maquinas (pk_idMaquina, nome, descricao, capacidadeMaxima, ultimaManutencao) values (20, 'Máquina de Solda a Ponto', 'Funde pontos específicos de peças metálicas, garantindo uniões firmes e consistentes', 'Suporta materiais de até 10 mm de espessura', '2022-12-13');
insert into maquinas (pk_idMaquina, nome, descricao, capacidadeMaxima, ultimaManutencao) values (21, 'Máquina de Corte por Jato d''Água', 'Utiliza um jato d''água de alta pressão para cortar uma variedade de materiais, oferecendo precisão e versatilidade', 'Capacidade de suporte de 2 toneladas', '2022-12-13');
insert into maquinas (pk_idMaquina, nome, descricao, capacidadeMaxima, ultimaManutencao) values (22, 'Centrífuga Industrial', 'Separadora de líquidos e sólidos, contribuindo para processos de purificação e concentração em diversos setores', 'Varia de 100 g a 10 kg, dependendo do modelo', '2023-03-22');
insert into maquinas (pk_idMaquina, nome, descricao, capacidadeMaxima, ultimaManutencao) values (23, 'Máquina de Corte por Plasma', 'Realiza cortes precisos em metais, sendo essencial para produção de peças estruturais', 'Suporta materiais com até 20 mm de espessura', '2022-12-13');
insert into maquinas (pk_idMaquina, nome, descricao, capacidadeMaxima, ultimaManutencao) values (24, 'Máquina de Marcação a Laser', 'Aplica marcações permanentes em materiais variados, garantindo rastreabilidade e identificação precisa', 'Capacidade de suporte de 5 kg', '2022-12-13');
insert into maquinas (pk_idMaquina, nome, descricao, capacidadeMaxima, ultimaManutencao) values (25, 'Máquina de Rebarbação Automática', 'Remove rebarbas e irregularidades em peças, assegurando acabamento final de alta qualidade', 'Suporta até 100 kg', '2023-09-29');
insert into maquinas (pk_idMaquina, nome, descricao, capacidadeMaxima, ultimaManutencao) values (26, 'Máquina de Impressão 3D', 'Constrói objetos camada por camada, sendo inovadora na produção rápida e personalizada de protótipos e peças', 'Varia de 1 kg a 10 kg, dependendo do modelo', '2023-09-29');
insert into maquinas (pk_idMaquina, nome, descricao, capacidadeMaxima, ultimaManutencao) values (27, 'Rosqueadeira Automática', 'Realiza roscas em materiais diversos, sendo crucial na produção de peças com conexões precisas', 'Capacidade de suporte de 50 kg', '2023-09-29');
insert into maquinas (pk_idMaquina, nome, descricao, capacidadeMaxima, ultimaManutencao) values (28, 'Máquina de Lapidação', 'Aprimora a superfície de materiais como vidro e pedras preciosas, contribuindo para peças de alta qualidade estética', 'Suporta materiais com até 2 kg', '2023-09-29');
insert into maquinas (pk_idMaquina, nome, descricao, capacidadeMaxima, ultimaManutencao) values (29, 'Máquina de Gravação a Laser', 'Grava detalhes precisos em superfícies diversas, sendo essencial para personalização e identificação', 'Capacidade de suporte de 5 kg', '2023-09-29');
insert into maquinas (pk_idMaquina, nome, descricao, capacidadeMaxima, ultimaManutencao) values (30, 'Fresadora de 5 Eixos', 'Permite usinagem complexa em cinco direções, ampliando a capacidade de produção de peças intricadas e de alta precisão', 'Varia de 2 toneladas a 10 toneladas, dependendo do modelo', '2023-09-29');

select * from maquinas; -- certo

insert into operadores (pk_idOperador, nome, especializacao, disponibilidade) values (1, 'Sophia Martins', 'Instrumentação Industrial', 'Manhã/Tarde');
insert into operadores (pk_idOperador, nome, especializacao, disponibilidade) values (2, 'Gabriel Oliveira', 'Operação de Equipamentos de Alta Tecnologia', 'Tarde/Noite');
insert into operadores (pk_idOperador, nome, especializacao, disponibilidade) values (3, 'Isabella Pereira', 'Manuseio de Equipamentos de Tratamento Térmico', 'Manhã/Tarde');
insert into operadores (pk_idOperador, nome, especializacao, disponibilidade) values (4, 'Enzo Souza', 'Operação de Equipamentos Pesados', 'Manhã/Tarde');
insert into operadores (pk_idOperador, nome, especializacao, disponibilidade) values (5, 'Valentina Lima', 'Operação de Máquinas CNC', 'Tarde/Noite');
insert into operadores (pk_idOperador, nome, especializacao, disponibilidade) values (6, 'Lucas Costa', 'Soldagem', 'Tarde/Noite');
insert into operadores (pk_idOperador, nome, especializacao, disponibilidade) values (7, 'Laura Almeida', 'Manuseio de Equipamentos de Medição', 'Tarde/Noite');
insert into operadores (pk_idOperador, nome, especializacao, disponibilidade) values (8, 'Pedro Rocha', 'Operação de Impressoras Industriais', 'Tarde/Noite');
insert into operadores (pk_idOperador, nome, especializacao, disponibilidade) values (9, 'Manuela Silva', 'Manuseio de Equipamentos de Medição', 'Manhã/Tarde');
insert into operadores (pk_idOperador, nome, especializacao, disponibilidade) values (10, 'Matheus Santos', 'Manuseio de Equipamentos de Tratamento Térmico', 'Manhã/Tarde');
insert into operadores (pk_idOperador, nome, especializacao, disponibilidade) values (11, 'Julia Costa', 'Automação Industrial', 'Manhã/Tarde');
insert into operadores (pk_idOperador, nome, especializacao, disponibilidade) values (12, 'Gustavo Rodrigues', 'Manuseio de Equipamentos de Medição', 'Tarde/Noite');
insert into operadores (pk_idOperador, nome, especializacao, disponibilidade) values (13, 'Helena Mendes', 'Operação de Equipamentos Pesados', 'Manhã/Tarde');
insert into operadores (pk_idOperador, nome, especializacao, disponibilidade) values (14, 'João Ferreira', 'Manuseio de Equipamentos de Elevação', 'Tarde/Noite');
insert into operadores (pk_idOperador, nome, especializacao, disponibilidade) values (15, 'Mariana Gonçalves', 'Manuseio de Equipamentos de Medição', 'Manhã/Tarde');
insert into operadores (pk_idOperador, nome, especializacao, disponibilidade) values (16, 'Miguel Lima', 'Manuseio de Equipamentos de Elevação', 'Manhã/Tarde');
insert into operadores (pk_idOperador, nome, especializacao, disponibilidade) values (17, 'Giovanna Oliveira', 'Operação de Máquinas CNC', 'Manhã/Tarde');
insert into operadores (pk_idOperador, nome, especializacao, disponibilidade) values (18, 'Arthur Alves', 'Automação Industrial', 'Manhã/Tarde');
insert into operadores (pk_idOperador, nome, especializacao, disponibilidade) values (19, 'Alice Santos', 'Manuseio de Equipamentos de Elevação', 'Tarde/Noite');
insert into operadores (pk_idOperador, nome, especializacao, disponibilidade) values (20, 'Bernardo Rocha', 'Operação de Equipamentos Pesados', 'Manhã/Tarde');
insert into operadores (pk_idOperador, nome, especializacao, disponibilidade) values (21, 'Lara Pereira', 'Manuseio de Equipamentos de Elevação', 'Tarde/Noite');
insert into operadores (pk_idOperador, nome, especializacao, disponibilidade) values (22, 'Lucas Barbosa', 'Manuseio de Equipamentos de Medição', 'Tarde/Noite');
insert into operadores (pk_idOperador, nome, especializacao, disponibilidade) values (23, 'Sophia Carvalho', 'Operação de Equipamentos de Alta Tecnologia', 'Tarde/Noite');
insert into operadores (pk_idOperador, nome, especializacao, disponibilidade) values (24, 'Enzo Pereira', 'Manuseio de Equipamentos de Elevação', 'Tarde/Noite');
insert into operadores (pk_idOperador, nome, especializacao, disponibilidade) values (25, 'Valentina Almeida', 'Operação de Equipamentos de Controle Numérico', 'Manhã/Tarde');
insert into operadores (pk_idOperador, nome, especializacao, disponibilidade) values (26, 'João Silva', 'Segurança Industrial', 'Manhã/Tarde');
insert into operadores (pk_idOperador, nome, especializacao, disponibilidade) values (27, 'Isabella Rodrigues', 'Operação de Equipamentos de Alta Tecnologia', 'Tarde/Noite');
insert into operadores (pk_idOperador, nome, especializacao, disponibilidade) values (28, 'Pedro Lima', 'Instrumentação Industrial', 'Manhã/Tarde');
insert into operadores (pk_idOperador, nome, especializacao, disponibilidade) values (29, 'Laura Oliveira', 'Manuseio de Equipamentos de Elevação', 'Manhã/Tarde');
insert into operadores (pk_idOperador, nome, especializacao, disponibilidade) values (30, 'Gabriel Rocha', 'Operação de Impressoras Industriais', 'Manhã/Tarde');
insert into operadores (pk_idOperador, nome, especializacao, disponibilidade) values (31, 'Manuela Santos', 'Operação de Impressoras Industriais', 'Tarde/Noite');
insert into operadores (pk_idOperador, nome, especializacao, disponibilidade) values (32, 'Matheus Costa', 'Operação de Equipamentos de Fabricação Aditiva', 'Tarde/Noite');
insert into operadores (pk_idOperador, nome, especializacao, disponibilidade) values (33, 'Helena Mendes', 'Manuseio de Equipamentos de Medição', 'Manhã/Tarde');
insert into operadores (pk_idOperador, nome, especializacao, disponibilidade) values (34, 'Gustavo Almeida', 'Operação de Equipamentos de Fabricação Aditiva', 'Tarde/Noite');
insert into operadores (pk_idOperador, nome, especializacao, disponibilidade) values (35, 'Mariana Lima', 'Operação de Equipamentos de Alta Tecnologia', 'Tarde/Noite');
insert into operadores (pk_idOperador, nome, especializacao, disponibilidade) values (36, 'Miguel Rodrigues', 'Operação de Equipamentos de Controle Numérico', 'Manhã/Tarde');
insert into operadores (pk_idOperador, nome, especializacao, disponibilidade) values (37, 'Giovanna Ferreira', 'Operação de Equipamentos de Alta Tecnologia', 'Manhã/Tarde');
insert into operadores (pk_idOperador, nome, especializacao, disponibilidade) values (38, 'Arthur Souza', 'Operação de Equipamentos de Controle Numérico', 'Manhã/Tarde');
insert into operadores (pk_idOperador, nome, especializacao, disponibilidade) values (39, 'Alice Costa', 'Segurança Industrial', 'Manhã/Tarde');
insert into operadores (pk_idOperador, nome, especializacao, disponibilidade) values (40, 'Bernardo Santos', 'Soldagem', 'Manhã/Tarde');
insert into operadores (pk_idOperador, nome, especializacao, disponibilidade) values (41, 'Lara Alves', 'Operação de Equipamentos Pesados', 'Manhã/Tarde');
insert into operadores (pk_idOperador, nome, especializacao, disponibilidade) values (42, 'Lucas Pereira', 'Manuseio de Equipamentos de Medição', 'Manhã/Tarde');
insert into operadores (pk_idOperador, nome, especializacao, disponibilidade) values (43, 'Sophia Carvalho', 'Operação de Impressoras Industriais', 'Tarde/Noite');
insert into operadores (pk_idOperador, nome, especializacao, disponibilidade) values (44, 'Enzo Barbosa', 'Soldagem', 'Tarde/Noite');
insert into operadores (pk_idOperador, nome, especializacao, disponibilidade) values (45, 'Valentina Rocha', 'Manuseio de Equipamentos de Medição', 'Manhã/Tarde');
insert into operadores (pk_idOperador, nome, especializacao, disponibilidade) values (46, 'João Oliveira', 'Automação Industrial', 'Tarde/Noite');
insert into operadores (pk_idOperador, nome, especializacao, disponibilidade) values (47, 'Isabella Souza', 'Segurança Industrial', 'Manhã/Tarde');
insert into operadores (pk_idOperador, nome, especializacao, disponibilidade) values (48, 'Pedro Rodrigues', 'Operação de Máquinas CNC', 'Manhã/Tarde');
insert into operadores (pk_idOperador, nome, especializacao, disponibilidade) values (49, 'Laura Lima', 'Operação de Equipamentos de Alta Tecnologia', 'Manhã/Tarde');
insert into operadores (pk_idOperador, nome, especializacao, disponibilidade) values (50, 'Gabriel Ferreira', 'Operação de Equipamentos Pesados', 'Manhã/Tarde');

select * from operadores; -- certo

insert into equipamentos (pk_idEquipamento, nome, descricao, dataAquisicao) values (1, 'Esteira Transportadora', 'Eficiente sistema de transporte contínuo, otimizando a movimentação de materiais na linha de produção', '2019-09-13');
insert into equipamentos (pk_idEquipamento, nome, descricao, dataAquisicao) values (2, 'Braço Robótico', 'Automatiza tarefas precisas, oferecendo flexibilidade e velocidade em processos industriais', '2019-09-13');
insert into equipamentos (pk_idEquipamento, nome, descricao, dataAquisicao) values (3, 'Empilhadeira', 'Facilita o empilhamento e movimentação de cargas pesadas, aumentando a eficiência logística', '2019-09-13');
insert into equipamentos (pk_idEquipamento, nome, descricao, dataAquisicao) values (4, 'Sistema de Dosagem Automática', 'Garante precisão na dosagem de ingredientes, contribuindo para a consistência na produção', '2019-09-13');
insert into equipamentos (pk_idEquipamento, nome, descricao, dataAquisicao) values (5, 'Balança Industrial', 'Instrumento preciso para pesagem de materiais, essencial para controle de qualidade', '2019-09-13');
insert into equipamentos (pk_idEquipamento, nome, descricao, dataAquisicao) values (6, 'Máquina de Embalagem Automática', 'Agiliza e padroniza o processo de embalagem, melhorando a produtividade', '2019-09-13');
insert into equipamentos (pk_idEquipamento, nome, descricao, dataAquisicao) values (7, 'Máquina de Etiquetagem', 'Automatiza a aplicação de etiquetas, proporcionando identificação eficiente de produtos', '2019-09-13');
insert into equipamentos (pk_idEquipamento, nome, descricao, dataAquisicao) values (8, 'Empacotadora', 'Realiza o empacotamento automático, agilizando a finalização de produtos prontos para o mercado', '2019-09-13');
insert into equipamentos (pk_idEquipamento, nome, descricao, dataAquisicao) values (9, 'Sistema de Paletização Automática', 'Otimiza a organização e empilhamento de produtos em paletes, facilitando a logística', '2019-09-13');
insert into equipamentos (pk_idEquipamento, nome, descricao, dataAquisicao) values (10, 'Máquina de Inspeção por Raio-X', 'Assegura a qualidade dos produtos através de inspeção interna, identificando irregularidades', '2019-09-13');
insert into equipamentos (pk_idEquipamento, nome, descricao, dataAquisicao) values (11, 'Sistema de Visão Artificial', 'Utiliza tecnologia de visão computacional para inspeção e controle de qualidade', '2019-09-27');
insert into equipamentos (pk_idEquipamento, nome, descricao, dataAquisicao) values (12, 'Máquina de Embalagem a Vácuo', 'Conserva a frescura dos produtos, prolongando a vida útil e mantendo a qualidade', '2019-09-27');
insert into equipamentos (pk_idEquipamento, nome, descricao, dataAquisicao) values (13, 'Autoclave Industrial', 'Equipamento crucial para esterilização de materiais, garantindo padrões sanitários elevados', '2019-09-27');
insert into equipamentos (pk_idEquipamento, nome, descricao, dataAquisicao) values (14, 'Caldeira', 'Gera vapor para processos industriais, sendo essencial em sistemas de aquecimento e produção de energia', '2019-09-27');
insert into equipamentos (pk_idEquipamento, nome, descricao, dataAquisicao) values (15, 'Secador Industrial', 'Remove umidade de materiais, fundamental em processos de secagem e preservação', '2019-09-27');
insert into equipamentos (pk_idEquipamento, nome, descricao, dataAquisicao) values (16, 'Tanque de Armazenamento', 'Armazena líquidos ou gases, facilitando o gerenciamento e a disponibilidade de matérias-primas', '2019-09-27');
insert into equipamentos (pk_idEquipamento, nome, descricao, dataAquisicao) values (17, 'Compressor de Ar', 'Fornece ar comprimido para diversas aplicações industriais, desde ferramentas até sistemas pneumáticos', '2019-09-27');
insert into equipamentos (pk_idEquipamento, nome, descricao, dataAquisicao) values (18, 'Sistema de Filtragem de Água', 'Garante a pureza da água utilizada nos processos industriais, mantendo a qualidade do produto final', '2019-09-27');
insert into equipamentos (pk_idEquipamento, nome, descricao, dataAquisicao) values (19, 'Sistema de Tratamento de Efluentes', 'Responsável pelo tratamento de águas residuais, contribuindo para práticas sustentáveis', '2019-09-27');
insert into equipamentos (pk_idEquipamento, nome, descricao, dataAquisicao) values (20, 'Máquina de Reciclagem', 'Processa materiais recicláveis, promovendo práticas ambientalmente responsáveis', '2019-09-27');
insert into equipamentos (pk_idEquipamento, nome, descricao, dataAquisicao) values (21, 'Elevador de Carga', 'Facilita o transporte vertical de produtos e materiais, otimizando o fluxo logístico', '2019-10-05');
insert into equipamentos (pk_idEquipamento, nome, descricao, dataAquisicao) values (22, 'Máquina de Jateamento', 'Remove impurezas e prepara superfícies, essencial em processos de tratamento de materiais', '2019-10-05');
insert into equipamentos (pk_idEquipamento, nome, descricao, dataAquisicao) values (23, 'Sistema de Ar Condicionado Industrial', 'Regula a temperatura e umidade em ambientes industriais, proporcionando condições ideais', '2019-10-05');
insert into equipamentos (pk_idEquipamento, nome, descricao, dataAquisicao) values (24, 'Gerador de Energia', 'Fornece energia elétrica de reserva, garantindo operações contínuas em casos de falha na rede', '2019-10-05');
insert into equipamentos (pk_idEquipamento, nome, descricao, dataAquisicao) values (25, 'Unidade de Resfriamento', 'Controla a temperatura em equipamentos e processos, evitando superaquecimento', '2019-10-05');
insert into equipamentos (pk_idEquipamento, nome, descricao, dataAquisicao) values (26, 'Cabine de Pintura', 'Proporciona ambiente controlado para processos de pintura industrial, garantindo acabamento de qualidade', '2019-10-05');
insert into equipamentos (pk_idEquipamento, nome, descricao, dataAquisicao) values (27, 'Máquina de Solda por Ultrassom', 'Realiza soldagens precisas em materiais plásticos, oferecendo resistência e durabilidade', '2019-10-05');
insert into equipamentos (pk_idEquipamento, nome, descricao, dataAquisicao) values (28, 'Máquina de Moldagem por Injeção', 'Produz peças plásticas complexas, essencial na fabricação de diversos produtos', '2019-10-05');
insert into equipamentos (pk_idEquipamento, nome, descricao, dataAquisicao) values (29, 'Máquina de Serigrafia', 'Imprime padrões e imagens em superfícies variadas, com aplicações em diferentes setores', '2019-10-05');
insert into equipamentos (pk_idEquipamento, nome, descricao, dataAquisicao) values (30, 'Detector de Metais Industrial', 'Garante a segurança dos produtos ao identificar metais indesejados durante a produção', '2019-10-05');

select * from equipamentos; -- certo

insert into manutencoesProgramadas (pk_idManutencao, fk_idEquipamento, tipoManutencao, dataProgramada, responsavel) values (1, 9, 'Produtiva Total', '2023-12-09', 'Enzo Barbosa');
insert into manutencoesProgramadas (pk_idManutencao, fk_idEquipamento, tipoManutencao, dataProgramada, responsavel) values (2, 11, 'Detectiva', '2023-12-09', 'Pedro Rocha');
insert into manutencoesProgramadas (pk_idManutencao, fk_idEquipamento, tipoManutencao, dataProgramada, responsavel) values (3, 12, 'Corretiva', '2023-12-09', 'Sophia Carvalho');
insert into manutencoesProgramadas (pk_idManutencao, fk_idEquipamento, tipoManutencao, dataProgramada, responsavel) values (4, 23, 'Produtiva Total', '2023-12-09', 'Enzo Souza');
insert into manutencoesProgramadas (pk_idManutencao, fk_idEquipamento, tipoManutencao, dataProgramada, responsavel) values (5, 22, 'Preventiva', '2023-12-09', 'Valentina Almeida');
insert into manutencoesProgramadas (pk_idManutencao, fk_idEquipamento, tipoManutencao, dataProgramada, responsavel) values (6, 19, 'Corretiva', '2023-12-09', 'Pedro Rodrigues');
insert into manutencoesProgramadas (pk_idManutencao, fk_idEquipamento, tipoManutencao, dataProgramada, responsavel) values (7, 26, 'Preventiva', '2023-12-09', 'Isabella Souza');
insert into manutencoesProgramadas (pk_idManutencao, fk_idEquipamento, tipoManutencao, dataProgramada, responsavel) values (8, 21, 'Produtiva Total', '2023-12-09', 'Sophia Carvalho');
insert into manutencoesProgramadas (pk_idManutencao, fk_idEquipamento, tipoManutencao, dataProgramada, responsavel) values (9, 24, 'Detectiva', '2023-12-09', 'Alice Costa');
insert into manutencoesProgramadas (pk_idManutencao, fk_idEquipamento, tipoManutencao, dataProgramada, responsavel) values (10, 2, 'Corretiva', '2023-12-09', 'Isabella Pereira');
insert into manutencoesProgramadas (pk_idManutencao, fk_idEquipamento, tipoManutencao, dataProgramada, responsavel) values (11, 10, 'Preditiva', '2023-12-09', 'Gabriel Rocha');
insert into manutencoesProgramadas (pk_idManutencao, fk_idEquipamento, tipoManutencao, dataProgramada, responsavel) values (12, 16, 'Corretiva', '2023-12-09', 'Matheus Costa');
insert into manutencoesProgramadas (pk_idManutencao, fk_idEquipamento, tipoManutencao, dataProgramada, responsavel) values (13, 5, 'Preditiva', '2023-12-09', 'Valentina Rocha');
insert into manutencoesProgramadas (pk_idManutencao, fk_idEquipamento, tipoManutencao, dataProgramada, responsavel) values (14, 9, 'Corretiva', '2023-12-09', 'João Oliveira');
insert into manutencoesProgramadas (pk_idManutencao, fk_idEquipamento, tipoManutencao, dataProgramada, responsavel) values (15, 27, 'Prescritiva', '2023-12-09', 'Giovanna Oliveira');
insert into manutencoesProgramadas (pk_idManutencao, fk_idEquipamento, tipoManutencao, dataProgramada, responsavel) values (16, 15, 'Produtiva Total', '2023-12-09', 'Sophia Martins');
insert into manutencoesProgramadas (pk_idManutencao, fk_idEquipamento, tipoManutencao, dataProgramada, responsavel) values (17, 26, 'Prescritiva', '2023-12-09', 'Manuela Santos');
insert into manutencoesProgramadas (pk_idManutencao, fk_idEquipamento, tipoManutencao, dataProgramada, responsavel) values (18, 14, 'Corretiva', '2023-12-09', 'Pedro Rocha');
insert into manutencoesProgramadas (pk_idManutencao, fk_idEquipamento, tipoManutencao, dataProgramada, responsavel) values (19, 28, 'Preventiva', '2023-12-09', 'Manuela Silva');
insert into manutencoesProgramadas (pk_idManutencao, fk_idEquipamento, tipoManutencao, dataProgramada, responsavel) values (20, 27, 'Detectiva', '2023-12-09', 'Valentina Almeida');
insert into manutencoesProgramadas (pk_idManutencao, fk_idEquipamento, tipoManutencao, dataProgramada, responsavel) values (21, 3, 'Prescritiva', '2023-12-09', 'Lara Pereira');
insert into manutencoesProgramadas (pk_idManutencao, fk_idEquipamento, tipoManutencao, dataProgramada, responsavel) values (22, 22, 'Detectiva', '2023-12-09', 'Lucas Barbosa');
insert into manutencoesProgramadas (pk_idManutencao, fk_idEquipamento, tipoManutencao, dataProgramada, responsavel) values (23, 7, 'Detectiva', '2023-12-09', 'Pedro Rocha');
insert into manutencoesProgramadas (pk_idManutencao, fk_idEquipamento, tipoManutencao, dataProgramada, responsavel) values (24, 26, 'Preditiva', '2023-12-09', 'Gabriel Oliveira');
insert into manutencoesProgramadas (pk_idManutencao, fk_idEquipamento, tipoManutencao, dataProgramada, responsavel) values (25, 7, 'Detectiva', '2023-12-09', 'Lara Alves');
insert into manutencoesProgramadas (pk_idManutencao, fk_idEquipamento, tipoManutencao, dataProgramada, responsavel) values (26, 26, 'Detectiva', '2024-03-12', 'João Ferreira');
insert into manutencoesProgramadas (pk_idManutencao, fk_idEquipamento, tipoManutencao, dataProgramada, responsavel) values (27, 24, 'Preditiva', '2024-03-12', 'Manuela Silva');
insert into manutencoesProgramadas (pk_idManutencao, fk_idEquipamento, tipoManutencao, dataProgramada, responsavel) values (28, 14, 'Produtiva Total', '2024-03-12', 'Arthur Souza');
insert into manutencoesProgramadas (pk_idManutencao, fk_idEquipamento, tipoManutencao, dataProgramada, responsavel) values (29, 9, 'Corretiva', '2024-03-12', 'Pedro Rocha');
insert into manutencoesProgramadas (pk_idManutencao, fk_idEquipamento, tipoManutencao, dataProgramada, responsavel) values (30, 21, 'Detectiva', '2024-03-12', 'Gustavo Almeida');
insert into manutencoesProgramadas (pk_idManutencao, fk_idEquipamento, tipoManutencao, dataProgramada, responsavel) values (31, 27, 'Prescritiva', '2024-03-12', 'Sophia Carvalho');
insert into manutencoesProgramadas (pk_idManutencao, fk_idEquipamento, tipoManutencao, dataProgramada, responsavel) values (32, 25, 'Produtiva Total', '2024-03-12', 'Manuela Santos');
insert into manutencoesProgramadas (pk_idManutencao, fk_idEquipamento, tipoManutencao, dataProgramada, responsavel) values (33, 21, 'Preditiva', '2024-03-12', 'Lucas Barbosa');
insert into manutencoesProgramadas (pk_idManutencao, fk_idEquipamento, tipoManutencao, dataProgramada, responsavel) values (34, 21, 'Produtiva Total', '2024-03-12', 'Arthur Souza');
insert into manutencoesProgramadas (pk_idManutencao, fk_idEquipamento, tipoManutencao, dataProgramada, responsavel) values (35, 30, 'Corretiva', '2024-03-12', 'Pedro Rocha');
insert into manutencoesProgramadas (pk_idManutencao, fk_idEquipamento, tipoManutencao, dataProgramada, responsavel) values (36, 9, 'Preventiva', '2024-03-12', 'Bernardo Santos');
insert into manutencoesProgramadas (pk_idManutencao, fk_idEquipamento, tipoManutencao, dataProgramada, responsavel) values (37, 14, 'Preventiva', '2024-03-12', 'Miguel Lima');
insert into manutencoesProgramadas (pk_idManutencao, fk_idEquipamento, tipoManutencao, dataProgramada, responsavel) values (38, 9, 'Detectiva', '2024-03-12', 'Manuela Santos');
insert into manutencoesProgramadas (pk_idManutencao, fk_idEquipamento, tipoManutencao, dataProgramada, responsavel) values (39, 6, 'Detectiva', '2024-03-12', 'Helena Mendes');
insert into manutencoesProgramadas (pk_idManutencao, fk_idEquipamento, tipoManutencao, dataProgramada, responsavel) values (40, 5, 'Preventiva', '2024-03-12', 'Giovanna Oliveira');
insert into manutencoesProgramadas (pk_idManutencao, fk_idEquipamento, tipoManutencao, dataProgramada, responsavel) values (41, 14, 'Prescritiva', '2024-03-12', 'Bernardo Rocha');
insert into manutencoesProgramadas (pk_idManutencao, fk_idEquipamento, tipoManutencao, dataProgramada, responsavel) values (42, 4, 'Produtiva Total', '2024-03-12', 'Bernardo Rocha');
insert into manutencoesProgramadas (pk_idManutencao, fk_idEquipamento, tipoManutencao, dataProgramada, responsavel) values (43, 14, 'Detectiva', '2024-03-12', 'Laura Almeida');
insert into manutencoesProgramadas (pk_idManutencao, fk_idEquipamento, tipoManutencao, dataProgramada, responsavel) values (44, 13, 'Prescritiva', '2024-03-12', 'João Oliveira');
insert into manutencoesProgramadas (pk_idManutencao, fk_idEquipamento, tipoManutencao, dataProgramada, responsavel) values (45, 30, 'Preventiva', '2024-03-12', 'Sophia Carvalho');
insert into manutencoesProgramadas (pk_idManutencao, fk_idEquipamento, tipoManutencao, dataProgramada, responsavel) values (46, 15, 'Preventiva', '2024-03-12', 'Isabella Souza');
insert into manutencoesProgramadas (pk_idManutencao, fk_idEquipamento, tipoManutencao, dataProgramada, responsavel) values (47, 13, 'Preditiva', '2024-03-12', 'Laura Lima');
insert into manutencoesProgramadas (pk_idManutencao, fk_idEquipamento, tipoManutencao, dataProgramada, responsavel) values (48, 18, 'Prescritiva', '2024-03-12', 'Giovanna Ferreira');
insert into manutencoesProgramadas (pk_idManutencao, fk_idEquipamento, tipoManutencao, dataProgramada, responsavel) values (49, 18, 'Prescritiva', '2024-03-12', 'Pedro Rocha');
insert into manutencoesProgramadas (pk_idManutencao, fk_idEquipamento, tipoManutencao, dataProgramada, responsavel) values (50, 3, 'Prescritiva', '2024-03-12', 'João Silva');
insert into manutencoesProgramadas (pk_idManutencao, fk_idEquipamento, tipoManutencao, dataProgramada, responsavel) values (51, 13, 'Preditiva', '2024-06-15', 'Valentina Rocha');
insert into manutencoesProgramadas (pk_idManutencao, fk_idEquipamento, tipoManutencao, dataProgramada, responsavel) values (52, 9, 'Preditiva', '2024-06-15', 'Lucas Pereira');
insert into manutencoesProgramadas (pk_idManutencao, fk_idEquipamento, tipoManutencao, dataProgramada, responsavel) values (53, 3, 'Preventiva', '2024-06-15', 'Miguel Lima');
insert into manutencoesProgramadas (pk_idManutencao, fk_idEquipamento, tipoManutencao, dataProgramada, responsavel) values (54, 2, 'Corretiva', '2024-06-15', 'João Oliveira');
insert into manutencoesProgramadas (pk_idManutencao, fk_idEquipamento, tipoManutencao, dataProgramada, responsavel) values (55, 11, 'Detectiva', '2024-06-15', 'Valentina Almeida');
insert into manutencoesProgramadas (pk_idManutencao, fk_idEquipamento, tipoManutencao, dataProgramada, responsavel) values (56, 29, 'Detectiva', '2024-06-15', 'Alice Santos');
insert into manutencoesProgramadas (pk_idManutencao, fk_idEquipamento, tipoManutencao, dataProgramada, responsavel) values (57, 2, 'Detectiva', '2024-06-15', 'Julia Costa');
insert into manutencoesProgramadas (pk_idManutencao, fk_idEquipamento, tipoManutencao, dataProgramada, responsavel) values (58, 7, 'Preventiva', '2024-06-15', 'Manuela Silva');
insert into manutencoesProgramadas (pk_idManutencao, fk_idEquipamento, tipoManutencao, dataProgramada, responsavel) values (59, 5, 'Prescritiva', '2024-06-15', 'Pedro Rocha');
insert into manutencoesProgramadas (pk_idManutencao, fk_idEquipamento, tipoManutencao, dataProgramada, responsavel) values (60, 5, 'Produtiva Total', '2024-06-15', 'João Oliveira');
insert into manutencoesProgramadas (pk_idManutencao, fk_idEquipamento, tipoManutencao, dataProgramada, responsavel) values (61, 13, 'Detectiva', '2024-06-15', 'Enzo Souza');
insert into manutencoesProgramadas (pk_idManutencao, fk_idEquipamento, tipoManutencao, dataProgramada, responsavel) values (62, 30, 'Preventiva', '2024-06-15', 'Pedro Rocha');
insert into manutencoesProgramadas (pk_idManutencao, fk_idEquipamento, tipoManutencao, dataProgramada, responsavel) values (63, 14, 'Preditiva', '2024-06-15', 'Helena Mendes');
insert into manutencoesProgramadas (pk_idManutencao, fk_idEquipamento, tipoManutencao, dataProgramada, responsavel) values (64, 4, 'Prescritiva', '2024-06-15', 'Pedro Rodrigues');
insert into manutencoesProgramadas (pk_idManutencao, fk_idEquipamento, tipoManutencao, dataProgramada, responsavel) values (65, 5, 'Detectiva', '2024-06-15', 'Miguel Rodrigues');
insert into manutencoesProgramadas (pk_idManutencao, fk_idEquipamento, tipoManutencao, dataProgramada, responsavel) values (66, 30, 'Preventiva', '2024-06-15', 'Bernardo Rocha');
insert into manutencoesProgramadas (pk_idManutencao, fk_idEquipamento, tipoManutencao, dataProgramada, responsavel) values (67, 16, 'Preditiva', '2024-06-15', 'Valentina Lima');
insert into manutencoesProgramadas (pk_idManutencao, fk_idEquipamento, tipoManutencao, dataProgramada, responsavel) values (68, 8, 'Preditiva', '2024-06-15', 'Bernardo Rocha');
insert into manutencoesProgramadas (pk_idManutencao, fk_idEquipamento, tipoManutencao, dataProgramada, responsavel) values (69, 22, 'Produtiva Total', '2024-06-15', 'Mariana Lima');
insert into manutencoesProgramadas (pk_idManutencao, fk_idEquipamento, tipoManutencao, dataProgramada, responsavel) values (70, 20, 'Prescritiva', '2024-06-15', 'Lucas Barbosa');
insert into manutencoesProgramadas (pk_idManutencao, fk_idEquipamento, tipoManutencao, dataProgramada, responsavel) values (71, 5, 'Prescritiva', '2024-06-15', 'Bernardo Rocha');
insert into manutencoesProgramadas (pk_idManutencao, fk_idEquipamento, tipoManutencao, dataProgramada, responsavel) values (72, 8, 'Preventiva', '2024-06-15', 'Giovanna Ferreira');
insert into manutencoesProgramadas (pk_idManutencao, fk_idEquipamento, tipoManutencao, dataProgramada, responsavel) values (73, 14, 'Corretiva', '2024-06-15', 'Pedro Lima');
insert into manutencoesProgramadas (pk_idManutencao, fk_idEquipamento, tipoManutencao, dataProgramada, responsavel) values (74, 30, 'Preventiva', '2024-06-15', 'Bernardo Santos');
insert into manutencoesProgramadas (pk_idManutencao, fk_idEquipamento, tipoManutencao, dataProgramada, responsavel) values (75, 28, 'Corretiva', '2024-06-15', 'Lucas Barbosa');
insert into manutencoesProgramadas (pk_idManutencao, fk_idEquipamento, tipoManutencao, dataProgramada, responsavel) values (76, 25, 'Produtiva Total', '2024-09-20', 'Lucas Pereira');
insert into manutencoesProgramadas (pk_idManutencao, fk_idEquipamento, tipoManutencao, dataProgramada, responsavel) values (77, 3, 'Prescritiva', '2024-09-20', 'Valentina Almeida');
insert into manutencoesProgramadas (pk_idManutencao, fk_idEquipamento, tipoManutencao, dataProgramada, responsavel) values (78, 1, 'Detectiva', '2024-09-20', 'Mariana Lima');
insert into manutencoesProgramadas (pk_idManutencao, fk_idEquipamento, tipoManutencao, dataProgramada, responsavel) values (79, 26, 'Corretiva', '2024-09-20', 'Alice Costa');
insert into manutencoesProgramadas (pk_idManutencao, fk_idEquipamento, tipoManutencao, dataProgramada, responsavel) values (80, 30, 'Prescritiva', '2024-09-20', 'Gustavo Rodrigues');
insert into manutencoesProgramadas (pk_idManutencao, fk_idEquipamento, tipoManutencao, dataProgramada, responsavel) values (81, 6, 'Produtiva Total', '2024-09-20', 'Lucas Barbosa');
insert into manutencoesProgramadas (pk_idManutencao, fk_idEquipamento, tipoManutencao, dataProgramada, responsavel) values (82, 17, 'Prescritiva', '2024-09-20', 'Alice Costa');
insert into manutencoesProgramadas (pk_idManutencao, fk_idEquipamento, tipoManutencao, dataProgramada, responsavel) values (83, 17, 'Corretiva', '2024-09-20', 'Valentina Almeida');
insert into manutencoesProgramadas (pk_idManutencao, fk_idEquipamento, tipoManutencao, dataProgramada, responsavel) values (84, 6, 'Produtiva Total', '2024-09-20', 'João Oliveira');
insert into manutencoesProgramadas (pk_idManutencao, fk_idEquipamento, tipoManutencao, dataProgramada, responsavel) values (85, 22, 'Detectiva', '2024-09-20', 'Lucas Costa');
insert into manutencoesProgramadas (pk_idManutencao, fk_idEquipamento, tipoManutencao, dataProgramada, responsavel) values (86, 22, 'Prescritiva', '2024-09-20', 'Pedro Rocha');
insert into manutencoesProgramadas (pk_idManutencao, fk_idEquipamento, tipoManutencao, dataProgramada, responsavel) values (87, 30, 'Corretiva', '2024-09-20', 'Giovanna Ferreira');
insert into manutencoesProgramadas (pk_idManutencao, fk_idEquipamento, tipoManutencao, dataProgramada, responsavel) values (88, 24, 'Corretiva', '2024-09-20', 'Lucas Costa');
insert into manutencoesProgramadas (pk_idManutencao, fk_idEquipamento, tipoManutencao, dataProgramada, responsavel) values (89, 4, 'Preditiva', '2024-09-20', 'Helena Mendes');
insert into manutencoesProgramadas (pk_idManutencao, fk_idEquipamento, tipoManutencao, dataProgramada, responsavel) values (90, 16, 'Detectiva', '2024-09-20', 'Enzo Barbosa');
insert into manutencoesProgramadas (pk_idManutencao, fk_idEquipamento, tipoManutencao, dataProgramada, responsavel) values (91, 17, 'Preditiva', '2024-09-20', 'Isabella Souza');
insert into manutencoesProgramadas (pk_idManutencao, fk_idEquipamento, tipoManutencao, dataProgramada, responsavel) values (92, 19, 'Produtiva Total', '2024-09-20', 'Manuela Silva');
insert into manutencoesProgramadas (pk_idManutencao, fk_idEquipamento, tipoManutencao, dataProgramada, responsavel) values (93, 15, 'Detectiva', '2024-09-20', 'Gustavo Rodrigues');
insert into manutencoesProgramadas (pk_idManutencao, fk_idEquipamento, tipoManutencao, dataProgramada, responsavel) values (94, 9, 'Prescritiva', '2024-09-20', 'Miguel Rodrigues');
insert into manutencoesProgramadas (pk_idManutencao, fk_idEquipamento, tipoManutencao, dataProgramada, responsavel) values (95, 28, 'Detectiva', '2024-09-20', 'Valentina Lima');
insert into manutencoesProgramadas (pk_idManutencao, fk_idEquipamento, tipoManutencao, dataProgramada, responsavel) values (96, 17, 'Prescritiva', '2024-09-20', 'Manuela Silva');
insert into manutencoesProgramadas (pk_idManutencao, fk_idEquipamento, tipoManutencao, dataProgramada, responsavel) values (97, 1, 'Produtiva Total', '2024-09-20', 'Lara Alves');
insert into manutencoesProgramadas (pk_idManutencao, fk_idEquipamento, tipoManutencao, dataProgramada, responsavel) values (98, 16, 'Prescritiva', '2024-09-20', 'João Ferreira');
insert into manutencoesProgramadas (pk_idManutencao, fk_idEquipamento, tipoManutencao, dataProgramada, responsavel) values (99, 26, 'Detectiva', '2024-09-20', 'Enzo Barbosa');
insert into manutencoesProgramadas (pk_idManutencao, fk_idEquipamento, tipoManutencao, dataProgramada, responsavel) values (100, 20, 'Corretiva', '2024-09-20', 'Helena Mendes');
insert into manutencoesProgramadas (pk_idManutencao, fk_idEquipamento, tipoManutencao, dataProgramada, responsavel) values (101, 9, 'Preditiva', '2024-12-09', 'João Silva');
insert into manutencoesProgramadas (pk_idManutencao, fk_idEquipamento, tipoManutencao, dataProgramada, responsavel) values (102, 14, 'Prescritiva', '2024-12-09', 'João Oliveira');
insert into manutencoesProgramadas (pk_idManutencao, fk_idEquipamento, tipoManutencao, dataProgramada, responsavel) values (103, 3, 'Detectiva', '2024-12-09', 'Lucas Pereira');
insert into manutencoesProgramadas (pk_idManutencao, fk_idEquipamento, tipoManutencao, dataProgramada, responsavel) values (104, 12, 'Produtiva Total', '2024-12-09', 'Laura Oliveira');
insert into manutencoesProgramadas (pk_idManutencao, fk_idEquipamento, tipoManutencao, dataProgramada, responsavel) values (105, 19, 'Corretiva', '2024-12-09', 'Arthur Alves');
insert into manutencoesProgramadas (pk_idManutencao, fk_idEquipamento, tipoManutencao, dataProgramada, responsavel) values (106, 15, 'Corretiva', '2024-12-09', 'Miguel Rodrigues');
insert into manutencoesProgramadas (pk_idManutencao, fk_idEquipamento, tipoManutencao, dataProgramada, responsavel) values (107, 17, 'Corretiva', '2024-12-09', 'João Oliveira');
insert into manutencoesProgramadas (pk_idManutencao, fk_idEquipamento, tipoManutencao, dataProgramada, responsavel) values (108, 18, 'Prescritiva', '2024-12-09', 'Gabriel Oliveira');
insert into manutencoesProgramadas (pk_idManutencao, fk_idEquipamento, tipoManutencao, dataProgramada, responsavel) values (109, 30, 'Detectiva', '2024-12-09', 'Lucas Costa');
insert into manutencoesProgramadas (pk_idManutencao, fk_idEquipamento, tipoManutencao, dataProgramada, responsavel) values (110, 8, 'Detectiva', '2024-12-09', 'Sophia Carvalho');
insert into manutencoesProgramadas (pk_idManutencao, fk_idEquipamento, tipoManutencao, dataProgramada, responsavel) values (111, 3, 'Produtiva Total', '2024-12-09', 'Bernardo Rocha');
insert into manutencoesProgramadas (pk_idManutencao, fk_idEquipamento, tipoManutencao, dataProgramada, responsavel) values (112, 15, 'Produtiva Total', '2024-12-09', 'Isabella Souza');
insert into manutencoesProgramadas (pk_idManutencao, fk_idEquipamento, tipoManutencao, dataProgramada, responsavel) values (113, 22, 'Preventiva', '2024-12-09', 'João Ferreira');
insert into manutencoesProgramadas (pk_idManutencao, fk_idEquipamento, tipoManutencao, dataProgramada, responsavel) values (114, 22, 'Preditiva', '2024-12-09', 'Gabriel Ferreira');
insert into manutencoesProgramadas (pk_idManutencao, fk_idEquipamento, tipoManutencao, dataProgramada, responsavel) values (115, 18, 'Prescritiva', '2024-12-09', 'Alice Costa');
insert into manutencoesProgramadas (pk_idManutencao, fk_idEquipamento, tipoManutencao, dataProgramada, responsavel) values (116, 17, 'Corretiva', '2024-12-09', 'Lara Pereira');
insert into manutencoesProgramadas (pk_idManutencao, fk_idEquipamento, tipoManutencao, dataProgramada, responsavel) values (117, 17, 'Preditiva', '2024-12-09', 'Valentina Rocha');
insert into manutencoesProgramadas (pk_idManutencao, fk_idEquipamento, tipoManutencao, dataProgramada, responsavel) values (118, 15, 'Preditiva', '2024-12-09', 'Isabella Souza');
insert into manutencoesProgramadas (pk_idManutencao, fk_idEquipamento, tipoManutencao, dataProgramada, responsavel) values (119, 25, 'Prescritiva', '2024-12-09', 'Matheus Costa');
insert into manutencoesProgramadas (pk_idManutencao, fk_idEquipamento, tipoManutencao, dataProgramada, responsavel) values (120, 2, 'Preventiva', '2024-12-09', 'Pedro Rocha');
insert into manutencoesProgramadas (pk_idManutencao, fk_idEquipamento, tipoManutencao, dataProgramada, responsavel) values (121, 13, 'Preditiva', '2024-12-09', 'Sophia Carvalho');
insert into manutencoesProgramadas (pk_idManutencao, fk_idEquipamento, tipoManutencao, dataProgramada, responsavel) values (122, 20, 'Preditiva', '2024-12-09', 'Pedro Lima');
insert into manutencoesProgramadas (pk_idManutencao, fk_idEquipamento, tipoManutencao, dataProgramada, responsavel) values (123, 16, 'Prescritiva', '2024-12-09', 'Helena Mendes');
insert into manutencoesProgramadas (pk_idManutencao, fk_idEquipamento, tipoManutencao, dataProgramada, responsavel) values (124, 13, 'Detectiva', '2024-12-09', 'Pedro Rocha');
insert into manutencoesProgramadas (pk_idManutencao, fk_idEquipamento, tipoManutencao, dataProgramada, responsavel) values (125, 18, 'Produtiva Total', '2024-12-09', 'Isabella Pereira');
insert into manutencoesProgramadas (pk_idManutencao, fk_idEquipamento, tipoManutencao, dataProgramada, responsavel) values (126, 25, 'Prescritiva', '2025-03-17', 'Valentina Rocha');
insert into manutencoesProgramadas (pk_idManutencao, fk_idEquipamento, tipoManutencao, dataProgramada, responsavel) values (127, 23, 'Prescritiva', '2025-03-17', 'Helena Mendes');
insert into manutencoesProgramadas (pk_idManutencao, fk_idEquipamento, tipoManutencao, dataProgramada, responsavel) values (128, 10, 'Prescritiva', '2025-03-17', 'Bernardo Rocha');
insert into manutencoesProgramadas (pk_idManutencao, fk_idEquipamento, tipoManutencao, dataProgramada, responsavel) values (129, 10, 'Detectiva', '2025-03-17', 'Manuela Santos');
insert into manutencoesProgramadas (pk_idManutencao, fk_idEquipamento, tipoManutencao, dataProgramada, responsavel) values (130, 23, 'Prescritiva', '2025-03-17', 'Valentina Almeida');
insert into manutencoesProgramadas (pk_idManutencao, fk_idEquipamento, tipoManutencao, dataProgramada, responsavel) values (131, 13, 'Preventiva', '2025-03-17', 'Enzo Souza');
insert into manutencoesProgramadas (pk_idManutencao, fk_idEquipamento, tipoManutencao, dataProgramada, responsavel) values (132, 19, 'Produtiva Total', '2025-03-17', 'Arthur Souza');
insert into manutencoesProgramadas (pk_idManutencao, fk_idEquipamento, tipoManutencao, dataProgramada, responsavel) values (133, 11, 'Preventiva', '2025-03-17', 'Lucas Costa');
insert into manutencoesProgramadas (pk_idManutencao, fk_idEquipamento, tipoManutencao, dataProgramada, responsavel) values (134, 12, 'Preventiva', '2025-03-17', 'Miguel Rodrigues');
insert into manutencoesProgramadas (pk_idManutencao, fk_idEquipamento, tipoManutencao, dataProgramada, responsavel) values (135, 15, 'Preventiva', '2025-03-17', 'Laura Almeida');
insert into manutencoesProgramadas (pk_idManutencao, fk_idEquipamento, tipoManutencao, dataProgramada, responsavel) values (136, 28, 'Corretiva', '2025-03-17', 'Helena Mendes');
insert into manutencoesProgramadas (pk_idManutencao, fk_idEquipamento, tipoManutencao, dataProgramada, responsavel) values (137, 15, 'Corretiva', '2025-03-17', 'Laura Oliveira');
insert into manutencoesProgramadas (pk_idManutencao, fk_idEquipamento, tipoManutencao, dataProgramada, responsavel) values (138, 29, 'Preventiva', '2025-03-17', 'Valentina Lima');
insert into manutencoesProgramadas (pk_idManutencao, fk_idEquipamento, tipoManutencao, dataProgramada, responsavel) values (139, 15, 'Produtiva Total', '2025-03-17', 'Laura Lima');
insert into manutencoesProgramadas (pk_idManutencao, fk_idEquipamento, tipoManutencao, dataProgramada, responsavel) values (140, 10, 'Corretiva', '2025-03-17', 'Lara Pereira');
insert into manutencoesProgramadas (pk_idManutencao, fk_idEquipamento, tipoManutencao, dataProgramada, responsavel) values (141, 24, 'Produtiva Total', '2025-03-17', 'Arthur Alves');
insert into manutencoesProgramadas (pk_idManutencao, fk_idEquipamento, tipoManutencao, dataProgramada, responsavel) values (142, 29, 'Produtiva Total', '2025-03-17', 'Bernardo Rocha');
insert into manutencoesProgramadas (pk_idManutencao, fk_idEquipamento, tipoManutencao, dataProgramada, responsavel) values (143, 7, 'Produtiva Total', '2025-03-17', 'Lucas Costa');
insert into manutencoesProgramadas (pk_idManutencao, fk_idEquipamento, tipoManutencao, dataProgramada, responsavel) values (144, 26, 'Preventiva', '2025-03-17', 'Lara Alves');
insert into manutencoesProgramadas (pk_idManutencao, fk_idEquipamento, tipoManutencao, dataProgramada, responsavel) values (145, 28, 'Detectiva', '2025-03-17', 'Lucas Barbosa');
insert into manutencoesProgramadas (pk_idManutencao, fk_idEquipamento, tipoManutencao, dataProgramada, responsavel) values (146, 23, 'Preventiva', '2025-03-17', 'Miguel Lima');
insert into manutencoesProgramadas (pk_idManutencao, fk_idEquipamento, tipoManutencao, dataProgramada, responsavel) values (147, 30, 'Prescritiva', '2025-03-17', 'Alice Costa');
insert into manutencoesProgramadas (pk_idManutencao, fk_idEquipamento, tipoManutencao, dataProgramada, responsavel) values (148, 3, 'Corretiva', '2025-03-17', 'Helena Mendes');
insert into manutencoesProgramadas (pk_idManutencao, fk_idEquipamento, tipoManutencao, dataProgramada, responsavel) values (149, 19, 'Detectiva', '2025-03-17', 'Isabella Souza');
insert into manutencoesProgramadas (pk_idManutencao, fk_idEquipamento, tipoManutencao, dataProgramada, responsavel) values (150, 22, 'Preventiva', '2025-03-17', 'Giovanna Oliveira');

select * from manutencoesProgramadas; -- certo

insert into historicoManutencoes (pk_idManutencao, fk_idEquipamento, tipoManutencao, dataManutencao, custosManutencao) values (1, 14, 'Detectiva', '2023-09-27', 874.35);
insert into historicoManutencoes (pk_idManutencao, fk_idEquipamento, tipoManutencao, dataManutencao, custosManutencao) values (2, 16, 'Corretiva', '2023-09-27', 031.56);
insert into historicoManutencoes (pk_idManutencao, fk_idEquipamento, tipoManutencao, dataManutencao, custosManutencao) values (3, 26, 'Produtiva Total', '2023-09-27', 130.18);
insert into historicoManutencoes (pk_idManutencao, fk_idEquipamento, tipoManutencao, dataManutencao, custosManutencao) values (4, 13, 'Preditiva', '2023-09-27', 516.93);
insert into historicoManutencoes (pk_idManutencao, fk_idEquipamento, tipoManutencao, dataManutencao, custosManutencao) values (5, 10, 'Preventiva', '2023-09-27', 452.98);
insert into historicoManutencoes (pk_idManutencao, fk_idEquipamento, tipoManutencao, dataManutencao, custosManutencao) values (6, 4, 'Corretiva', '2023-09-27', 838.34);
insert into historicoManutencoes (pk_idManutencao, fk_idEquipamento, tipoManutencao, dataManutencao, custosManutencao) values (7, 4, 'Preventiva', '2023-09-27', 835.19);
insert into historicoManutencoes (pk_idManutencao, fk_idEquipamento, tipoManutencao, dataManutencao, custosManutencao) values (8, 27, 'Preditiva', '2023-09-27', 615.19);
insert into historicoManutencoes (pk_idManutencao, fk_idEquipamento, tipoManutencao, dataManutencao, custosManutencao) values (9, 10, 'Corretiva', '2023-09-27', 430.05);
insert into historicoManutencoes (pk_idManutencao, fk_idEquipamento, tipoManutencao, dataManutencao, custosManutencao) values (10, 19, 'Detectiva', '2023-09-27', 570.64);
insert into historicoManutencoes (pk_idManutencao, fk_idEquipamento, tipoManutencao, dataManutencao, custosManutencao) values (11, 22, 'Preditiva', '2023-09-27', 525.74);
insert into historicoManutencoes (pk_idManutencao, fk_idEquipamento, tipoManutencao, dataManutencao, custosManutencao) values (12, 27, 'Detectiva', '2023-09-27', 241.86);
insert into historicoManutencoes (pk_idManutencao, fk_idEquipamento, tipoManutencao, dataManutencao, custosManutencao) values (13, 6, 'Detectiva', '2023-09-27', 670.78);
insert into historicoManutencoes (pk_idManutencao, fk_idEquipamento, tipoManutencao, dataManutencao, custosManutencao) values (14, 3, 'Corretiva', '2023-09-27', 722.31);
insert into historicoManutencoes (pk_idManutencao, fk_idEquipamento, tipoManutencao, dataManutencao, custosManutencao) values (15, 13, 'Preditiva', '2023-09-27', 925.64);
insert into historicoManutencoes (pk_idManutencao, fk_idEquipamento, tipoManutencao, dataManutencao, custosManutencao) values (16, 17, 'Produtiva Total', '2023-09-27', 795.5);
insert into historicoManutencoes (pk_idManutencao, fk_idEquipamento, tipoManutencao, dataManutencao, custosManutencao) values (17, 25, 'Corretiva', '2023-09-27', 991.74);
insert into historicoManutencoes (pk_idManutencao, fk_idEquipamento, tipoManutencao, dataManutencao, custosManutencao) values (18, 17, 'Detectiva', '2023-09-27', 725.04);
insert into historicoManutencoes (pk_idManutencao, fk_idEquipamento, tipoManutencao, dataManutencao, custosManutencao) values (19, 28, 'Preditiva', '2023-09-27', 675.43);
insert into historicoManutencoes (pk_idManutencao, fk_idEquipamento, tipoManutencao, dataManutencao, custosManutencao) values (20, 17, 'Preditiva', '2023-09-27', 178.57);
insert into historicoManutencoes (pk_idManutencao, fk_idEquipamento, tipoManutencao, dataManutencao, custosManutencao) values (21, 3, 'Preditiva', '2023-09-27', 871.15);
insert into historicoManutencoes (pk_idManutencao, fk_idEquipamento, tipoManutencao, dataManutencao, custosManutencao) values (22, 2, 'Preventiva', '2023-09-27', 482.56);
insert into historicoManutencoes (pk_idManutencao, fk_idEquipamento, tipoManutencao, dataManutencao, custosManutencao) values (23, 4, 'Detectiva', '2023-09-27', 270.29);
insert into historicoManutencoes (pk_idManutencao, fk_idEquipamento, tipoManutencao, dataManutencao, custosManutencao) values (24, 3, 'Corretiva', '2023-09-27', 807.72);
insert into historicoManutencoes (pk_idManutencao, fk_idEquipamento, tipoManutencao, dataManutencao, custosManutencao) values (25, 23, 'Corretiva', '2023-09-27', 689.06);
insert into historicoManutencoes (pk_idManutencao, fk_idEquipamento, tipoManutencao, dataManutencao, custosManutencao) values (26, 23, 'Corretiva', '2023-06-18', 763.3);
insert into historicoManutencoes (pk_idManutencao, fk_idEquipamento, tipoManutencao, dataManutencao, custosManutencao) values (27, 1, 'Detectiva', '2023-06-18', 189.17);
insert into historicoManutencoes (pk_idManutencao, fk_idEquipamento, tipoManutencao, dataManutencao, custosManutencao) values (28, 5, 'Preditiva', '2023-06-18', 156.13);
insert into historicoManutencoes (pk_idManutencao, fk_idEquipamento, tipoManutencao, dataManutencao, custosManutencao) values (29, 1, 'Corretiva', '2023-06-18', 668.26);
insert into historicoManutencoes (pk_idManutencao, fk_idEquipamento, tipoManutencao, dataManutencao, custosManutencao) values (30, 20, 'Preventiva', '2023-06-18', 375.22);
insert into historicoManutencoes (pk_idManutencao, fk_idEquipamento, tipoManutencao, dataManutencao, custosManutencao) values (31, 18, 'Prescritiva', '2023-06-18', 145.61);
insert into historicoManutencoes (pk_idManutencao, fk_idEquipamento, tipoManutencao, dataManutencao, custosManutencao) values (32, 4, 'Produtiva Total', '2023-06-18', 259.76);
insert into historicoManutencoes (pk_idManutencao, fk_idEquipamento, tipoManutencao, dataManutencao, custosManutencao) values (33, 12, 'Corretiva', '2023-06-18', 591.25);
insert into historicoManutencoes (pk_idManutencao, fk_idEquipamento, tipoManutencao, dataManutencao, custosManutencao) values (34, 27, 'Produtiva Total', '2023-06-18', 112.8);
insert into historicoManutencoes (pk_idManutencao, fk_idEquipamento, tipoManutencao, dataManutencao, custosManutencao) values (35, 7, 'Produtiva Total', '2023-06-18', 961.61);
insert into historicoManutencoes (pk_idManutencao, fk_idEquipamento, tipoManutencao, dataManutencao, custosManutencao) values (36, 6, 'Corretiva', '2023-06-18', 601.01);
insert into historicoManutencoes (pk_idManutencao, fk_idEquipamento, tipoManutencao, dataManutencao, custosManutencao) values (37, 2, 'Detectiva', '2023-06-18', 333.68);
insert into historicoManutencoes (pk_idManutencao, fk_idEquipamento, tipoManutencao, dataManutencao, custosManutencao) values (38, 9, 'Preventiva', '2023-06-18', 255.14);
insert into historicoManutencoes (pk_idManutencao, fk_idEquipamento, tipoManutencao, dataManutencao, custosManutencao) values (39, 20, 'Preditiva', '2023-06-18', 781.37);
insert into historicoManutencoes (pk_idManutencao, fk_idEquipamento, tipoManutencao, dataManutencao, custosManutencao) values (40, 20, 'Produtiva Total', '2023-06-18', 469.67);
insert into historicoManutencoes (pk_idManutencao, fk_idEquipamento, tipoManutencao, dataManutencao, custosManutencao) values (41, 14, 'Preventiva', '2023-06-18', 676.26);
insert into historicoManutencoes (pk_idManutencao, fk_idEquipamento, tipoManutencao, dataManutencao, custosManutencao) values (42, 22, 'Preditiva', '2023-06-18', 560.1);
insert into historicoManutencoes (pk_idManutencao, fk_idEquipamento, tipoManutencao, dataManutencao, custosManutencao) values (43, 21, 'Detectiva', '2023-06-18', 889.04);
insert into historicoManutencoes (pk_idManutencao, fk_idEquipamento, tipoManutencao, dataManutencao, custosManutencao) values (44, 19, 'Preditiva', '2023-06-18', 939.4);
insert into historicoManutencoes (pk_idManutencao, fk_idEquipamento, tipoManutencao, dataManutencao, custosManutencao) values (45, 20, 'Prescritiva', '2023-06-18', 037.37);
insert into historicoManutencoes (pk_idManutencao, fk_idEquipamento, tipoManutencao, dataManutencao, custosManutencao) values (46, 20, 'Produtiva Total', '2023-06-18', 883.48);
insert into historicoManutencoes (pk_idManutencao, fk_idEquipamento, tipoManutencao, dataManutencao, custosManutencao) values (47, 5, 'Preditiva', '2023-06-18', 028.63);
insert into historicoManutencoes (pk_idManutencao, fk_idEquipamento, tipoManutencao, dataManutencao, custosManutencao) values (48, 27, 'Prescritiva', '2023-06-18', 409.94);
insert into historicoManutencoes (pk_idManutencao, fk_idEquipamento, tipoManutencao, dataManutencao, custosManutencao) values (49, 15, 'Produtiva Total', '2023-06-18', 616.23);
insert into historicoManutencoes (pk_idManutencao, fk_idEquipamento, tipoManutencao, dataManutencao, custosManutencao) values (50, 5, 'Prescritiva', '2023-06-18', 699.23);
insert into historicoManutencoes (pk_idManutencao, fk_idEquipamento, tipoManutencao, dataManutencao, custosManutencao) values (51, 6, 'Preventiva', '2023-03-14', 808.68);
insert into historicoManutencoes (pk_idManutencao, fk_idEquipamento, tipoManutencao, dataManutencao, custosManutencao) values (52, 6, 'Prescritiva', '2023-03-14', 135.04);
insert into historicoManutencoes (pk_idManutencao, fk_idEquipamento, tipoManutencao, dataManutencao, custosManutencao) values (53, 28, 'Produtiva Total', '2023-03-14', 121.89);
insert into historicoManutencoes (pk_idManutencao, fk_idEquipamento, tipoManutencao, dataManutencao, custosManutencao) values (54, 8, 'Produtiva Total', '2023-03-14', 335.25);
insert into historicoManutencoes (pk_idManutencao, fk_idEquipamento, tipoManutencao, dataManutencao, custosManutencao) values (55, 16, 'Detectiva', '2023-03-14', 501.41);
insert into historicoManutencoes (pk_idManutencao, fk_idEquipamento, tipoManutencao, dataManutencao, custosManutencao) values (56, 18, 'Corretiva', '2023-03-14', 087.23);
insert into historicoManutencoes (pk_idManutencao, fk_idEquipamento, tipoManutencao, dataManutencao, custosManutencao) values (57, 30, 'Prescritiva', '2023-03-14', 946.49);
insert into historicoManutencoes (pk_idManutencao, fk_idEquipamento, tipoManutencao, dataManutencao, custosManutencao) values (58, 9, 'Produtiva Total', '2023-03-14', 452.04);
insert into historicoManutencoes (pk_idManutencao, fk_idEquipamento, tipoManutencao, dataManutencao, custosManutencao) values (59, 20, 'Prescritiva', '2023-03-14', 868.64);
insert into historicoManutencoes (pk_idManutencao, fk_idEquipamento, tipoManutencao, dataManutencao, custosManutencao) values (60, 30, 'Corretiva', '2023-03-14', 305.15);
insert into historicoManutencoes (pk_idManutencao, fk_idEquipamento, tipoManutencao, dataManutencao, custosManutencao) values (61, 26, 'Corretiva', '2023-03-14', 047.79);
insert into historicoManutencoes (pk_idManutencao, fk_idEquipamento, tipoManutencao, dataManutencao, custosManutencao) values (62, 27, 'Corretiva', '2023-03-14', 659.73);
insert into historicoManutencoes (pk_idManutencao, fk_idEquipamento, tipoManutencao, dataManutencao, custosManutencao) values (63, 20, 'Corretiva', '2023-03-14', 619.68);
insert into historicoManutencoes (pk_idManutencao, fk_idEquipamento, tipoManutencao, dataManutencao, custosManutencao) values (64, 11, 'Detectiva', '2023-03-14', 801.75);
insert into historicoManutencoes (pk_idManutencao, fk_idEquipamento, tipoManutencao, dataManutencao, custosManutencao) values (65, 15, 'Prescritiva', '2023-03-14', 350.12);
insert into historicoManutencoes (pk_idManutencao, fk_idEquipamento, tipoManutencao, dataManutencao, custosManutencao) values (66, 25, 'Detectiva', '2023-03-14', 441.58);
insert into historicoManutencoes (pk_idManutencao, fk_idEquipamento, tipoManutencao, dataManutencao, custosManutencao) values (67, 21, 'Prescritiva', '2023-03-14', 417.83);
insert into historicoManutencoes (pk_idManutencao, fk_idEquipamento, tipoManutencao, dataManutencao, custosManutencao) values (68, 14, 'Preventiva', '2023-03-14', 069.94);
insert into historicoManutencoes (pk_idManutencao, fk_idEquipamento, tipoManutencao, dataManutencao, custosManutencao) values (69, 7, 'Preventiva', '2023-03-14', 018.95);
insert into historicoManutencoes (pk_idManutencao, fk_idEquipamento, tipoManutencao, dataManutencao, custosManutencao) values (70, 26, 'Preditiva', '2023-03-14', 929.01);
insert into historicoManutencoes (pk_idManutencao, fk_idEquipamento, tipoManutencao, dataManutencao, custosManutencao) values (71, 19, 'Preditiva', '2023-03-14', 358.79);
insert into historicoManutencoes (pk_idManutencao, fk_idEquipamento, tipoManutencao, dataManutencao, custosManutencao) values (72, 13, 'Detectiva', '2023-03-14', 687.74);
insert into historicoManutencoes (pk_idManutencao, fk_idEquipamento, tipoManutencao, dataManutencao, custosManutencao) values (73, 8, 'Corretiva', '2023-03-14', 682.75);
insert into historicoManutencoes (pk_idManutencao, fk_idEquipamento, tipoManutencao, dataManutencao, custosManutencao) values (74, 25, 'Preditiva', '2023-03-14', 470.64);
insert into historicoManutencoes (pk_idManutencao, fk_idEquipamento, tipoManutencao, dataManutencao, custosManutencao) values (75, 15, 'Corretiva', '2023-03-14', 531.09);
insert into historicoManutencoes (pk_idManutencao, fk_idEquipamento, tipoManutencao, dataManutencao, custosManutencao) values (76, 21, 'Detectiva', '2022-12-09', 199.18);
insert into historicoManutencoes (pk_idManutencao, fk_idEquipamento, tipoManutencao, dataManutencao, custosManutencao) values (77, 14, 'Detectiva', '2022-12-09', 859.91);
insert into historicoManutencoes (pk_idManutencao, fk_idEquipamento, tipoManutencao, dataManutencao, custosManutencao) values (78, 29, 'Prescritiva', '2022-12-09', 151.8);
insert into historicoManutencoes (pk_idManutencao, fk_idEquipamento, tipoManutencao, dataManutencao, custosManutencao) values (79, 29, 'Produtiva Total', '2022-12-09', 942.75);
insert into historicoManutencoes (pk_idManutencao, fk_idEquipamento, tipoManutencao, dataManutencao, custosManutencao) values (80, 28, 'Preventiva', '2022-12-09', 190.22);
insert into historicoManutencoes (pk_idManutencao, fk_idEquipamento, tipoManutencao, dataManutencao, custosManutencao) values (81, 26, 'Prescritiva', '2022-12-09', 610.07);
insert into historicoManutencoes (pk_idManutencao, fk_idEquipamento, tipoManutencao, dataManutencao, custosManutencao) values (82, 26, 'Prescritiva', '2022-12-09', 771.18);
insert into historicoManutencoes (pk_idManutencao, fk_idEquipamento, tipoManutencao, dataManutencao, custosManutencao) values (83, 12, 'Produtiva Total', '2022-12-09', 228.94);
insert into historicoManutencoes (pk_idManutencao, fk_idEquipamento, tipoManutencao, dataManutencao, custosManutencao) values (84, 15, 'Prescritiva', '2022-12-09', 249.05);
insert into historicoManutencoes (pk_idManutencao, fk_idEquipamento, tipoManutencao, dataManutencao, custosManutencao) values (85, 30, 'Preventiva', '2022-12-09', 866.31);
insert into historicoManutencoes (pk_idManutencao, fk_idEquipamento, tipoManutencao, dataManutencao, custosManutencao) values (86, 22, 'Preditiva', '2022-12-09', 154.49);
insert into historicoManutencoes (pk_idManutencao, fk_idEquipamento, tipoManutencao, dataManutencao, custosManutencao) values (87, 5, 'Preventiva', '2022-12-09', 342.26);
insert into historicoManutencoes (pk_idManutencao, fk_idEquipamento, tipoManutencao, dataManutencao, custosManutencao) values (88, 19, 'Corretiva', '2022-12-09', 405.96);
insert into historicoManutencoes (pk_idManutencao, fk_idEquipamento, tipoManutencao, dataManutencao, custosManutencao) values (89, 26, 'Produtiva Total', '2022-12-09', 157.64);
insert into historicoManutencoes (pk_idManutencao, fk_idEquipamento, tipoManutencao, dataManutencao, custosManutencao) values (90, 2, 'Preventiva', '2022-12-09', 560.72);
insert into historicoManutencoes (pk_idManutencao, fk_idEquipamento, tipoManutencao, dataManutencao, custosManutencao) values (91, 8, 'Produtiva Total', '2022-12-09', 707.88);
insert into historicoManutencoes (pk_idManutencao, fk_idEquipamento, tipoManutencao, dataManutencao, custosManutencao) values (92, 25, 'Preditiva', '2022-12-09', 282.29);
insert into historicoManutencoes (pk_idManutencao, fk_idEquipamento, tipoManutencao, dataManutencao, custosManutencao) values (93, 16, 'Produtiva Total', '2022-12-09', 868.14);
insert into historicoManutencoes (pk_idManutencao, fk_idEquipamento, tipoManutencao, dataManutencao, custosManutencao) values (94, 1, 'Corretiva', '2022-12-09', 849.84);
insert into historicoManutencoes (pk_idManutencao, fk_idEquipamento, tipoManutencao, dataManutencao, custosManutencao) values (95, 2, 'Corretiva', '2022-12-09', 037.97);
insert into historicoManutencoes (pk_idManutencao, fk_idEquipamento, tipoManutencao, dataManutencao, custosManutencao) values (96, 16, 'Produtiva Total', '2022-12-09', 303.95);
insert into historicoManutencoes (pk_idManutencao, fk_idEquipamento, tipoManutencao, dataManutencao, custosManutencao) values (97, 13, 'Corretiva', '2022-12-09', 381.93);
insert into historicoManutencoes (pk_idManutencao, fk_idEquipamento, tipoManutencao, dataManutencao, custosManutencao) values (98, 19, 'Prescritiva', '2022-12-09', 346.63);
insert into historicoManutencoes (pk_idManutencao, fk_idEquipamento, tipoManutencao, dataManutencao, custosManutencao) values (99, 27, 'Prescritiva', '2022-12-09', 588.3);
insert into historicoManutencoes (pk_idManutencao, fk_idEquipamento, tipoManutencao, dataManutencao, custosManutencao) values (100, 21, 'Preventiva', '2022-12-09', 967.97);
insert into historicoManutencoes (pk_idManutencao, fk_idEquipamento, tipoManutencao, dataManutencao, custosManutencao) values (101, 21, 'Produtiva Total', '2022-09-20', 037.41);
insert into historicoManutencoes (pk_idManutencao, fk_idEquipamento, tipoManutencao, dataManutencao, custosManutencao) values (102, 17, 'Produtiva Total', '2022-09-20', 042.55);
insert into historicoManutencoes (pk_idManutencao, fk_idEquipamento, tipoManutencao, dataManutencao, custosManutencao) values (103, 28, 'Produtiva Total', '2022-09-20', 664.51);
insert into historicoManutencoes (pk_idManutencao, fk_idEquipamento, tipoManutencao, dataManutencao, custosManutencao) values (104, 19, 'Produtiva Total', '2022-09-20', 913.92);
insert into historicoManutencoes (pk_idManutencao, fk_idEquipamento, tipoManutencao, dataManutencao, custosManutencao) values (105, 30, 'Preventiva', '2022-09-20', 535.66);
insert into historicoManutencoes (pk_idManutencao, fk_idEquipamento, tipoManutencao, dataManutencao, custosManutencao) values (106, 22, 'Prescritiva', '2022-09-20', 521.74);
insert into historicoManutencoes (pk_idManutencao, fk_idEquipamento, tipoManutencao, dataManutencao, custosManutencao) values (107, 8, 'Preventiva', '2022-09-20', 113.32);
insert into historicoManutencoes (pk_idManutencao, fk_idEquipamento, tipoManutencao, dataManutencao, custosManutencao) values (108, 26, 'Prescritiva', '2022-09-20', 010.12);
insert into historicoManutencoes (pk_idManutencao, fk_idEquipamento, tipoManutencao, dataManutencao, custosManutencao) values (109, 23, 'Preditiva', '2022-09-20', 834.63);
insert into historicoManutencoes (pk_idManutencao, fk_idEquipamento, tipoManutencao, dataManutencao, custosManutencao) values (110, 25, 'Preditiva', '2022-09-20', 097.87);
insert into historicoManutencoes (pk_idManutencao, fk_idEquipamento, tipoManutencao, dataManutencao, custosManutencao) values (111, 22, 'Preditiva', '2022-09-20', 120.64);
insert into historicoManutencoes (pk_idManutencao, fk_idEquipamento, tipoManutencao, dataManutencao, custosManutencao) values (112, 26, 'Preditiva', '2022-09-20', 941.98);
insert into historicoManutencoes (pk_idManutencao, fk_idEquipamento, tipoManutencao, dataManutencao, custosManutencao) values (113, 30, 'Detectiva', '2022-09-20', 001.25);
insert into historicoManutencoes (pk_idManutencao, fk_idEquipamento, tipoManutencao, dataManutencao, custosManutencao) values (114, 18, 'Prescritiva', '2022-09-20', 097.73);
insert into historicoManutencoes (pk_idManutencao, fk_idEquipamento, tipoManutencao, dataManutencao, custosManutencao) values (115, 1, 'Prescritiva', '2022-09-20', 784.22);
insert into historicoManutencoes (pk_idManutencao, fk_idEquipamento, tipoManutencao, dataManutencao, custosManutencao) values (116, 8, 'Prescritiva', '2022-09-20', 822.27);
insert into historicoManutencoes (pk_idManutencao, fk_idEquipamento, tipoManutencao, dataManutencao, custosManutencao) values (117, 26, 'Produtiva Total', '2022-09-20', 204.56);
insert into historicoManutencoes (pk_idManutencao, fk_idEquipamento, tipoManutencao, dataManutencao, custosManutencao) values (118, 11, 'Corretiva', '2022-09-20', 920.12);
insert into historicoManutencoes (pk_idManutencao, fk_idEquipamento, tipoManutencao, dataManutencao, custosManutencao) values (119, 8, 'Corretiva', '2022-09-20', 055.2);
insert into historicoManutencoes (pk_idManutencao, fk_idEquipamento, tipoManutencao, dataManutencao, custosManutencao) values (120, 23, 'Detectiva', '2022-09-20', 969.77);
insert into historicoManutencoes (pk_idManutencao, fk_idEquipamento, tipoManutencao, dataManutencao, custosManutencao) values (121, 21, 'Prescritiva', '2022-09-20', 867.32);
insert into historicoManutencoes (pk_idManutencao, fk_idEquipamento, tipoManutencao, dataManutencao, custosManutencao) values (122, 10, 'Corretiva', '2022-09-20', 182.07);
insert into historicoManutencoes (pk_idManutencao, fk_idEquipamento, tipoManutencao, dataManutencao, custosManutencao) values (123, 19, 'Corretiva', '2022-09-20', 928.38);
insert into historicoManutencoes (pk_idManutencao, fk_idEquipamento, tipoManutencao, dataManutencao, custosManutencao) values (124, 20, 'Prescritiva', '2022-09-20', 475.36);
insert into historicoManutencoes (pk_idManutencao, fk_idEquipamento, tipoManutencao, dataManutencao, custosManutencao) values (125, 30, 'Corretiva', '2022-09-20', 832.11);
insert into historicoManutencoes (pk_idManutencao, fk_idEquipamento, tipoManutencao, dataManutencao, custosManutencao) values (126, 28, 'Produtiva Total', '2022-06-13', 861.18);
insert into historicoManutencoes (pk_idManutencao, fk_idEquipamento, tipoManutencao, dataManutencao, custosManutencao) values (127, 5, 'Corretiva', '2022-06-13', 118.92);
insert into historicoManutencoes (pk_idManutencao, fk_idEquipamento, tipoManutencao, dataManutencao, custosManutencao) values (128, 7, 'Corretiva', '2022-06-13', 325.2);
insert into historicoManutencoes (pk_idManutencao, fk_idEquipamento, tipoManutencao, dataManutencao, custosManutencao) values (129, 29, 'Preditiva', '2022-06-13', 837.99);
insert into historicoManutencoes (pk_idManutencao, fk_idEquipamento, tipoManutencao, dataManutencao, custosManutencao) values (130, 24, 'Prescritiva', '2022-06-13', 886.01);
insert into historicoManutencoes (pk_idManutencao, fk_idEquipamento, tipoManutencao, dataManutencao, custosManutencao) values (131, 22, 'Detectiva', '2022-06-13', 324.22);
insert into historicoManutencoes (pk_idManutencao, fk_idEquipamento, tipoManutencao, dataManutencao, custosManutencao) values (132, 28, 'Preditiva', '2022-06-13', 259.41);
insert into historicoManutencoes (pk_idManutencao, fk_idEquipamento, tipoManutencao, dataManutencao, custosManutencao) values (133, 24, 'Produtiva Total', '2022-06-13', 759.1);
insert into historicoManutencoes (pk_idManutencao, fk_idEquipamento, tipoManutencao, dataManutencao, custosManutencao) values (134, 2, 'Corretiva', '2022-06-13', 415.62);
insert into historicoManutencoes (pk_idManutencao, fk_idEquipamento, tipoManutencao, dataManutencao, custosManutencao) values (135, 9, 'Produtiva Total', '2022-06-13', 685.07);
insert into historicoManutencoes (pk_idManutencao, fk_idEquipamento, tipoManutencao, dataManutencao, custosManutencao) values (136, 21, 'Produtiva Total', '2022-06-13', 154.65);
insert into historicoManutencoes (pk_idManutencao, fk_idEquipamento, tipoManutencao, dataManutencao, custosManutencao) values (137, 27, 'Corretiva', '2022-06-13', 624.43);
insert into historicoManutencoes (pk_idManutencao, fk_idEquipamento, tipoManutencao, dataManutencao, custosManutencao) values (138, 25, 'Preventiva', '2022-06-13', 761.46);
insert into historicoManutencoes (pk_idManutencao, fk_idEquipamento, tipoManutencao, dataManutencao, custosManutencao) values (139, 29, 'Preditiva', '2022-06-13', 584.2);
insert into historicoManutencoes (pk_idManutencao, fk_idEquipamento, tipoManutencao, dataManutencao, custosManutencao) values (140, 25, 'Preventiva', '2022-06-13', 925.61);
insert into historicoManutencoes (pk_idManutencao, fk_idEquipamento, tipoManutencao, dataManutencao, custosManutencao) values (141, 5, 'Prescritiva', '2022-06-13', 631.98);
insert into historicoManutencoes (pk_idManutencao, fk_idEquipamento, tipoManutencao, dataManutencao, custosManutencao) values (142, 24, 'Corretiva', '2022-06-13', 036.33);
insert into historicoManutencoes (pk_idManutencao, fk_idEquipamento, tipoManutencao, dataManutencao, custosManutencao) values (143, 25, 'Preventiva', '2022-06-13', 040.31);
insert into historicoManutencoes (pk_idManutencao, fk_idEquipamento, tipoManutencao, dataManutencao, custosManutencao) values (144, 24, 'Preditiva', '2022-06-13', 977.7);
insert into historicoManutencoes (pk_idManutencao, fk_idEquipamento, tipoManutencao, dataManutencao, custosManutencao) values (145, 26, 'Preventiva', '2022-06-13', 188.08);
insert into historicoManutencoes (pk_idManutencao, fk_idEquipamento, tipoManutencao, dataManutencao, custosManutencao) values (146, 5, 'Detectiva', '2022-06-13', 107.27);
insert into historicoManutencoes (pk_idManutencao, fk_idEquipamento, tipoManutencao, dataManutencao, custosManutencao) values (147, 15, 'Detectiva', '2022-06-13', 211.14);
insert into historicoManutencoes (pk_idManutencao, fk_idEquipamento, tipoManutencao, dataManutencao, custosManutencao) values (148, 17, 'Prescritiva', '2022-06-13', 984.15);
insert into historicoManutencoes (pk_idManutencao, fk_idEquipamento, tipoManutencao, dataManutencao, custosManutencao) values (149, 28, 'Corretiva', '2022-06-13', 967.78);
insert into historicoManutencoes (pk_idManutencao, fk_idEquipamento, tipoManutencao, dataManutencao, custosManutencao) values (150, 21, 'Preditiva', '2022-06-13', 834.16);

select * from historicoManutencoes; -- certo

insert into historicoProducao (fk_idMaquina, fk_idOperador, fk_idEquipamento, fk_idOrdem, dataInicio, dataConclusao, lote) values (14, 28, 12, 1, '2023-01-23', '2023-06-05', 455789);
insert into historicoProducao (fk_idMaquina, fk_idOperador, fk_idEquipamento, fk_idOrdem, dataInicio, dataConclusao, lote) values (25, 14, 6, 2, '2023-01-23', '2023-06-05', 455789);
insert into historicoProducao (fk_idMaquina, fk_idOperador, fk_idEquipamento, fk_idOrdem, dataInicio, dataConclusao, lote) values (23, 30, 3, 3, '2023-01-23', '2023-06-05', 455789);
insert into historicoProducao (fk_idMaquina, fk_idOperador, fk_idEquipamento, fk_idOrdem, dataInicio, dataConclusao, lote) values (14, 49, 22, 4, '2023-01-23', '2023-06-05', 455789);
insert into historicoProducao (fk_idMaquina, fk_idOperador, fk_idEquipamento, fk_idOrdem, dataInicio, dataConclusao, lote) values (7, 3, 25, 5, '2023-01-23', '2023-06-05', 455789);
insert into historicoProducao (fk_idMaquina, fk_idOperador, fk_idEquipamento, fk_idOrdem, dataInicio, dataConclusao, lote) values (1, 9, 19, 6, '2023-01-23', '2023-06-05', 455789);
insert into historicoProducao (fk_idMaquina, fk_idOperador, fk_idEquipamento, fk_idOrdem, dataInicio, dataConclusao, lote) values (24, 46, 12, 7, '2023-01-23', '2023-06-05', 455789);
insert into historicoProducao (fk_idMaquina, fk_idOperador, fk_idEquipamento, fk_idOrdem, dataInicio, dataConclusao, lote) values (18, 15, 20, 8, '2023-01-23', '2023-06-05', 455789);
insert into historicoProducao (fk_idMaquina, fk_idOperador, fk_idEquipamento, fk_idOrdem, dataInicio, dataConclusao, lote) values (11, 42, 25, 9, '2023-01-23', '2023-06-05', 455789);
insert into historicoProducao (fk_idMaquina, fk_idOperador, fk_idEquipamento, fk_idOrdem, dataInicio, dataConclusao, lote) values (3, 43, 26, 10, '2023-01-23', '2023-06-05', 455789);
insert into historicoProducao (fk_idMaquina, fk_idOperador, fk_idEquipamento, fk_idOrdem, dataInicio, dataConclusao, lote) values (23, 34, 16, 11, '2023-01-23', '2023-06-05', 455789);
insert into historicoProducao (fk_idMaquina, fk_idOperador, fk_idEquipamento, fk_idOrdem, dataInicio, dataConclusao, lote) values (6, 31, 22, 12, '2023-01-23', '2023-06-05', 455789);
insert into historicoProducao (fk_idMaquina, fk_idOperador, fk_idEquipamento, fk_idOrdem, dataInicio, dataConclusao, lote) values (29, 32, 20, 13, '2023-01-23', '2023-06-05', 455789);
insert into historicoProducao (fk_idMaquina, fk_idOperador, fk_idEquipamento, fk_idOrdem, dataInicio, dataConclusao, lote) values (29, 33, 14, 14, '2023-01-23', '2023-06-05', 455789);
insert into historicoProducao (fk_idMaquina, fk_idOperador, fk_idEquipamento, fk_idOrdem, dataInicio, dataConclusao, lote) values (20, 23, 1, 15, '2023-01-23', '2023-06-05', 455789);
insert into historicoProducao (fk_idMaquina, fk_idOperador, fk_idEquipamento, fk_idOrdem, dataInicio, dataConclusao, lote) values (18, 16, 28, 16, '2023-01-23', '2023-06-05', 455789);
insert into historicoProducao (fk_idMaquina, fk_idOperador, fk_idEquipamento, fk_idOrdem, dataInicio, dataConclusao, lote) values (15, 27, 25, 17, '2023-01-23', '2023-06-05', 455789);
insert into historicoProducao (fk_idMaquina, fk_idOperador, fk_idEquipamento, fk_idOrdem, dataInicio, dataConclusao, lote) values (3, 25, 5, 18, '2023-01-23', '2023-06-05', 455789);
insert into historicoProducao (fk_idMaquina, fk_idOperador, fk_idEquipamento, fk_idOrdem, dataInicio, dataConclusao, lote) values (14, 34, 9, 19, '2023-01-23', '2023-06-05', 455789);
insert into historicoProducao (fk_idMaquina, fk_idOperador, fk_idEquipamento, fk_idOrdem, dataInicio, dataConclusao, lote) values (5, 15, 24, 20, '2023-01-23', '2023-06-05', 455789);
insert into historicoProducao (fk_idMaquina, fk_idOperador, fk_idEquipamento, fk_idOrdem, dataInicio, dataConclusao, lote) values (22, 40, 12, 21, '2023-01-23', '2023-06-05', 455789);
insert into historicoProducao (fk_idMaquina, fk_idOperador, fk_idEquipamento, fk_idOrdem, dataInicio, dataConclusao, lote) values (12, 7, 19, 22, '2023-01-23', '2023-06-05', 455789);
insert into historicoProducao (fk_idMaquina, fk_idOperador, fk_idEquipamento, fk_idOrdem, dataInicio, dataConclusao, lote) values (26, 12, 26, 23, '2023-01-23', '2023-06-05', 455789);
insert into historicoProducao (fk_idMaquina, fk_idOperador, fk_idEquipamento, fk_idOrdem, dataInicio, dataConclusao, lote) values (10, 49, 21, 24, '2023-01-23', '2023-06-05', 455789);
insert into historicoProducao (fk_idMaquina, fk_idOperador, fk_idEquipamento, fk_idOrdem, dataInicio, dataConclusao, lote) values (2, 10, 7, 25, '2023-01-23', '2023-06-05', 455789);
insert into historicoProducao (fk_idMaquina, fk_idOperador, fk_idEquipamento, fk_idOrdem, dataInicio, dataConclusao, lote) values (11, 46, 10, 26, '2023-01-23', '2023-06-05', 455789);
insert into historicoProducao (fk_idMaquina, fk_idOperador, fk_idEquipamento, fk_idOrdem, dataInicio, dataConclusao, lote) values (26, 34, 1, 27, '2023-01-23', '2023-06-05', 455789);
insert into historicoProducao (fk_idMaquina, fk_idOperador, fk_idEquipamento, fk_idOrdem, dataInicio, dataConclusao, lote) values (4, 38, 20, 28, '2023-01-23', '2023-06-05', 455789);
insert into historicoProducao (fk_idMaquina, fk_idOperador, fk_idEquipamento, fk_idOrdem, dataInicio, dataConclusao, lote) values (13, 22, 22, 29, '2023-01-23', '2023-06-05', 455789);
insert into historicoProducao (fk_idMaquina, fk_idOperador, fk_idEquipamento, fk_idOrdem, dataInicio, dataConclusao, lote) values (9, 29, 21, 30, '2023-01-23', '2023-06-05', 455789);
insert into historicoProducao (fk_idMaquina, fk_idOperador, fk_idEquipamento, fk_idOrdem, dataInicio, dataConclusao, lote) values (9, 50, 3, 31, '2023-01-23', '2023-06-05', 455789);
insert into historicoProducao (fk_idMaquina, fk_idOperador, fk_idEquipamento, fk_idOrdem, dataInicio, dataConclusao, lote) values (21, 6, 26, 32, '2023-01-23', '2023-06-05', 455789);
insert into historicoProducao (fk_idMaquina, fk_idOperador, fk_idEquipamento, fk_idOrdem, dataInicio, dataConclusao, lote) values (30, 27, 22, 33, '2023-01-23', '2023-06-05', 455789);
insert into historicoProducao (fk_idMaquina, fk_idOperador, fk_idEquipamento, fk_idOrdem, dataInicio, dataConclusao, lote) values (27, 5, 22, 34, '2023-01-23', '2023-06-05', 455789);
insert into historicoProducao (fk_idMaquina, fk_idOperador, fk_idEquipamento, fk_idOrdem, dataInicio, dataConclusao, lote) values (11, 31, 14, 35, '2023-01-23', '2023-06-05', 455789);
insert into historicoProducao (fk_idMaquina, fk_idOperador, fk_idEquipamento, fk_idOrdem, dataInicio, dataConclusao, lote) values (5, 50, 15, 36, '2023-01-23', '2023-06-05', 455789);
insert into historicoProducao (fk_idMaquina, fk_idOperador, fk_idEquipamento, fk_idOrdem, dataInicio, dataConclusao, lote) values (21, 38, 15, 37, '2023-01-23', '2023-06-05', 455789);
insert into historicoProducao (fk_idMaquina, fk_idOperador, fk_idEquipamento, fk_idOrdem, dataInicio, dataConclusao, lote) values (28, 34, 4, 38, '2023-01-23', '2023-06-05', 455789);
insert into historicoProducao (fk_idMaquina, fk_idOperador, fk_idEquipamento, fk_idOrdem, dataInicio, dataConclusao, lote) values (4, 8, 2, 39, '2023-01-23', '2023-06-05', 455789);
insert into historicoProducao (fk_idMaquina, fk_idOperador, fk_idEquipamento, fk_idOrdem, dataInicio, dataConclusao, lote) values (11, 17, 8, 40, '2023-01-23', '2023-06-05', 455789);
insert into historicoProducao (fk_idMaquina, fk_idOperador, fk_idEquipamento, fk_idOrdem, dataInicio, dataConclusao, lote) values (8, 18, 11, 41, '2023-01-23', '2023-06-05', 455789);
insert into historicoProducao (fk_idMaquina, fk_idOperador, fk_idEquipamento, fk_idOrdem, dataInicio, dataConclusao, lote) values (29, 9, 16, 42, '2023-01-23', '2023-06-05', 455789);
insert into historicoProducao (fk_idMaquina, fk_idOperador, fk_idEquipamento, fk_idOrdem, dataInicio, dataConclusao, lote) values (11, 21, 19, 43, '2023-01-23', '2023-06-05', 455789);
insert into historicoProducao (fk_idMaquina, fk_idOperador, fk_idEquipamento, fk_idOrdem, dataInicio, dataConclusao, lote) values (23, 8, 12, 44, '2023-01-23', '2023-06-05', 455789);
insert into historicoProducao (fk_idMaquina, fk_idOperador, fk_idEquipamento, fk_idOrdem, dataInicio, dataConclusao, lote) values (15, 29, 2, 45, '2023-01-23', '2023-06-05', 455789);
insert into historicoProducao (fk_idMaquina, fk_idOperador, fk_idEquipamento, fk_idOrdem, dataInicio, dataConclusao, lote) values (14, 16, 30, 46, '2023-01-23', '2023-06-05', 455789);
insert into historicoProducao (fk_idMaquina, fk_idOperador, fk_idEquipamento, fk_idOrdem, dataInicio, dataConclusao, lote) values (18, 8, 24, 47, '2023-01-23', '2023-06-05', 455789);
insert into historicoProducao (fk_idMaquina, fk_idOperador, fk_idEquipamento, fk_idOrdem, dataInicio, dataConclusao, lote) values (4, 49, 25, 48, '2023-01-23', '2023-06-05', 455789);
insert into historicoProducao (fk_idMaquina, fk_idOperador, fk_idEquipamento, fk_idOrdem, dataInicio, dataConclusao, lote) values (22, 23, 12, 49, '2023-01-23', '2023-06-05', 455789);
insert into historicoProducao (fk_idMaquina, fk_idOperador, fk_idEquipamento, fk_idOrdem, dataInicio, dataConclusao, lote) values (26, 18, 27, 50, '2023-01-23', '2023-06-05', 455789);
insert into historicoProducao (fk_idMaquina, fk_idOperador, fk_idEquipamento, fk_idOrdem, dataInicio, dataConclusao, lote) values (2, 3, 15, 51, '2023-01-23', '2023-06-05', 455789);
insert into historicoProducao (fk_idMaquina, fk_idOperador, fk_idEquipamento, fk_idOrdem, dataInicio, dataConclusao, lote) values (13, 34, 24, 52, '2023-01-23', '2023-06-05', 455789);
insert into historicoProducao (fk_idMaquina, fk_idOperador, fk_idEquipamento, fk_idOrdem, dataInicio, dataConclusao, lote) values (17, 29, 11, 53, '2023-01-23', '2023-06-05', 455789);
insert into historicoProducao (fk_idMaquina, fk_idOperador, fk_idEquipamento, fk_idOrdem, dataInicio, dataConclusao, lote) values (19, 11, 2, 54, '2023-01-23', '2023-06-05', 455789);
insert into historicoProducao (fk_idMaquina, fk_idOperador, fk_idEquipamento, fk_idOrdem, dataInicio, dataConclusao, lote) values (12, 34, 15, 55, '2023-01-23', '2023-06-05', 455789);
insert into historicoProducao (fk_idMaquina, fk_idOperador, fk_idEquipamento, fk_idOrdem, dataInicio, dataConclusao, lote) values (16, 31, 19, 56, '2023-01-23', '2023-06-05', 455789);
insert into historicoProducao (fk_idMaquina, fk_idOperador, fk_idEquipamento, fk_idOrdem, dataInicio, dataConclusao, lote) values (10, 10, 21, 57, '2023-01-23', '2023-06-05', 455789);
insert into historicoProducao (fk_idMaquina, fk_idOperador, fk_idEquipamento, fk_idOrdem, dataInicio, dataConclusao, lote) values (29, 9, 2, 58, '2023-01-23', '2023-06-05', 455789);
insert into historicoProducao (fk_idMaquina, fk_idOperador, fk_idEquipamento, fk_idOrdem, dataInicio, dataConclusao, lote) values (12, 12, 6, 59, '2023-01-23', '2023-06-05', 455789);
insert into historicoProducao (fk_idMaquina, fk_idOperador, fk_idEquipamento, fk_idOrdem, dataInicio, dataConclusao, lote) values (5, 17, 11, 60, '2023-01-23', '2023-06-05', 455789);
insert into historicoProducao (fk_idMaquina, fk_idOperador, fk_idEquipamento, fk_idOrdem, dataInicio, dataConclusao, lote) values (16, 46, 27, 61, '2023-01-23', '2023-06-05', 455789);
insert into historicoProducao (fk_idMaquina, fk_idOperador, fk_idEquipamento, fk_idOrdem, dataInicio, dataConclusao, lote) values (10, 48, 13, 62, '2023-01-23', '2023-06-05', 455789);
insert into historicoProducao (fk_idMaquina, fk_idOperador, fk_idEquipamento, fk_idOrdem, dataInicio, dataConclusao, lote) values (10, 4, 15, 63, '2023-01-23', '2023-06-05', 455789);
insert into historicoProducao (fk_idMaquina, fk_idOperador, fk_idEquipamento, fk_idOrdem, dataInicio, dataConclusao, lote) values (13, 10, 28, 64, '2023-01-23', '2023-06-05', 455789);
insert into historicoProducao (fk_idMaquina, fk_idOperador, fk_idEquipamento, fk_idOrdem, dataInicio, dataConclusao, lote) values (1, 10, 16, 65, '2023-01-23', '2023-06-05', 455789);
insert into historicoProducao (fk_idMaquina, fk_idOperador, fk_idEquipamento, fk_idOrdem, dataInicio, dataConclusao, lote) values (4, 7, 27, 66, '2023-01-23', '2023-06-05', 455789);
insert into historicoProducao (fk_idMaquina, fk_idOperador, fk_idEquipamento, fk_idOrdem, dataInicio, dataConclusao, lote) values (19, 15, 20, 67, '2023-01-23', '2023-06-05', 455789);
insert into historicoProducao (fk_idMaquina, fk_idOperador, fk_idEquipamento, fk_idOrdem, dataInicio, dataConclusao, lote) values (4, 41, 10, 68, '2023-01-23', '2023-06-05', 455789);
insert into historicoProducao (fk_idMaquina, fk_idOperador, fk_idEquipamento, fk_idOrdem, dataInicio, dataConclusao, lote) values (12, 2, 7, 69, '2023-01-23', '2023-06-05', 455789);
insert into historicoProducao (fk_idMaquina, fk_idOperador, fk_idEquipamento, fk_idOrdem, dataInicio, dataConclusao, lote) values (7, 50, 8, 70, '2023-01-23', '2023-06-05', 455789);
insert into historicoProducao (fk_idMaquina, fk_idOperador, fk_idEquipamento, fk_idOrdem, dataInicio, dataConclusao, lote) values (5, 6, 16, 71, '2023-01-23', '2023-06-05', 455789);
insert into historicoProducao (fk_idMaquina, fk_idOperador, fk_idEquipamento, fk_idOrdem, dataInicio, dataConclusao, lote) values (22, 36, 12, 72, '2023-01-23', '2023-06-05', 455789);
insert into historicoProducao (fk_idMaquina, fk_idOperador, fk_idEquipamento, fk_idOrdem, dataInicio, dataConclusao, lote) values (10, 40, 23, 73, '2023-01-23', '2023-06-05', 455789);
insert into historicoProducao (fk_idMaquina, fk_idOperador, fk_idEquipamento, fk_idOrdem, dataInicio, dataConclusao, lote) values (4, 3, 15, 74, '2023-01-23', '2023-06-05', 455789);
insert into historicoProducao (fk_idMaquina, fk_idOperador, fk_idEquipamento, fk_idOrdem, dataInicio, dataConclusao, lote) values (24, 28, 22, 75, '2023-01-23', '2023-06-05', 455789);
insert into historicoProducao (fk_idMaquina, fk_idOperador, fk_idEquipamento, fk_idOrdem, dataInicio, dataConclusao, lote) values (15, 6, 9, 76, '2023-06-16', '2023-12-15', 366897);
insert into historicoProducao (fk_idMaquina, fk_idOperador, fk_idEquipamento, fk_idOrdem, dataInicio, dataConclusao, lote) values (17, 47, 13, 77, '2023-06-16', '2023-12-15', 366897);
insert into historicoProducao (fk_idMaquina, fk_idOperador, fk_idEquipamento, fk_idOrdem, dataInicio, dataConclusao, lote) values (3, 20, 18, 78, '2023-06-16', '2023-12-15', 366897);
insert into historicoProducao (fk_idMaquina, fk_idOperador, fk_idEquipamento, fk_idOrdem, dataInicio, dataConclusao, lote) values (17, 39, 25, 79, '2023-06-16', '2023-12-15', 366897);
insert into historicoProducao (fk_idMaquina, fk_idOperador, fk_idEquipamento, fk_idOrdem, dataInicio, dataConclusao, lote) values (18, 41, 13, 80, '2023-06-16', '2023-12-15', 366897);
insert into historicoProducao (fk_idMaquina, fk_idOperador, fk_idEquipamento, fk_idOrdem, dataInicio, dataConclusao, lote) values (21, 6, 30, 81, '2023-06-16', '2023-12-15', 366897);
insert into historicoProducao (fk_idMaquina, fk_idOperador, fk_idEquipamento, fk_idOrdem, dataInicio, dataConclusao, lote) values (3, 31, 6, 82, '2023-06-16', '2023-12-15', 366897);
insert into historicoProducao (fk_idMaquina, fk_idOperador, fk_idEquipamento, fk_idOrdem, dataInicio, dataConclusao, lote) values (4, 21, 21, 83, '2023-06-16', '2023-12-15', 366897);
insert into historicoProducao (fk_idMaquina, fk_idOperador, fk_idEquipamento, fk_idOrdem, dataInicio, dataConclusao, lote) values (2, 34, 2, 84, '2023-06-16', '2023-12-15', 366897);
insert into historicoProducao (fk_idMaquina, fk_idOperador, fk_idEquipamento, fk_idOrdem, dataInicio, dataConclusao, lote) values (16, 38, 10, 85, '2023-06-16', '2023-12-15', 366897);
insert into historicoProducao (fk_idMaquina, fk_idOperador, fk_idEquipamento, fk_idOrdem, dataInicio, dataConclusao, lote) values (29, 28, 13, 86, '2023-06-16', '2023-12-15', 366897);
insert into historicoProducao (fk_idMaquina, fk_idOperador, fk_idEquipamento, fk_idOrdem, dataInicio, dataConclusao, lote) values (11, 3, 21, 87, '2023-06-16', '2023-12-15', 366897);
insert into historicoProducao (fk_idMaquina, fk_idOperador, fk_idEquipamento, fk_idOrdem, dataInicio, dataConclusao, lote) values (9, 32, 15, 88, '2023-06-16', '2023-12-15', 366897);
insert into historicoProducao (fk_idMaquina, fk_idOperador, fk_idEquipamento, fk_idOrdem, dataInicio, dataConclusao, lote) values (9, 24, 18, 89, '2023-06-16', '2023-12-15', 366897);
insert into historicoProducao (fk_idMaquina, fk_idOperador, fk_idEquipamento, fk_idOrdem, dataInicio, dataConclusao, lote) values (29, 31, 23, 90, '2023-06-16', '2023-12-15', 366897);
insert into historicoProducao (fk_idMaquina, fk_idOperador, fk_idEquipamento, fk_idOrdem, dataInicio, dataConclusao, lote) values (4, 22, 5, 91, '2023-06-16', '2023-12-15', 366897);
insert into historicoProducao (fk_idMaquina, fk_idOperador, fk_idEquipamento, fk_idOrdem, dataInicio, dataConclusao, lote) values (10, 31, 1, 92, '2023-06-16', '2023-12-15', 366897);
insert into historicoProducao (fk_idMaquina, fk_idOperador, fk_idEquipamento, fk_idOrdem, dataInicio, dataConclusao, lote) values (11, 9, 28, 93, '2023-06-16', '2023-12-15', 366897);
insert into historicoProducao (fk_idMaquina, fk_idOperador, fk_idEquipamento, fk_idOrdem, dataInicio, dataConclusao, lote) values (26, 35, 13, 94, '2023-06-16', '2023-12-15', 366897);
insert into historicoProducao (fk_idMaquina, fk_idOperador, fk_idEquipamento, fk_idOrdem, dataInicio, dataConclusao, lote) values (24, 1, 17, 95, '2023-06-16', '2023-12-15', 366897);
insert into historicoProducao (fk_idMaquina, fk_idOperador, fk_idEquipamento, fk_idOrdem, dataInicio, dataConclusao, lote) values (5, 45, 10, 96, '2023-06-16', '2023-12-15', 366897);
insert into historicoProducao (fk_idMaquina, fk_idOperador, fk_idEquipamento, fk_idOrdem, dataInicio, dataConclusao, lote) values (24, 2, 7, 97, '2023-06-16', '2023-12-15', 366897);
insert into historicoProducao (fk_idMaquina, fk_idOperador, fk_idEquipamento, fk_idOrdem, dataInicio, dataConclusao, lote) values (19, 19, 19, 98, '2023-06-16', '2023-12-15', 366897);
insert into historicoProducao (fk_idMaquina, fk_idOperador, fk_idEquipamento, fk_idOrdem, dataInicio, dataConclusao, lote) values (27, 24, 12, 99, '2023-06-16', '2023-12-15', 366897);
insert into historicoProducao (fk_idMaquina, fk_idOperador, fk_idEquipamento, fk_idOrdem, dataInicio, dataConclusao, lote) values (20, 5, 16, 100, '2023-06-16', '2023-12-15', 366897);
insert into historicoProducao (fk_idMaquina, fk_idOperador, fk_idEquipamento, fk_idOrdem, dataInicio, dataConclusao, lote) values (22, 44, 23, 101, '2023-06-16', '2023-12-15', 366897);
insert into historicoProducao (fk_idMaquina, fk_idOperador, fk_idEquipamento, fk_idOrdem, dataInicio, dataConclusao, lote) values (8, 37, 22, 102, '2023-06-16', '2023-12-15', 366897);
insert into historicoProducao (fk_idMaquina, fk_idOperador, fk_idEquipamento, fk_idOrdem, dataInicio, dataConclusao, lote) values (21, 47, 1, 103, '2023-06-16', '2023-12-15', 366897);
insert into historicoProducao (fk_idMaquina, fk_idOperador, fk_idEquipamento, fk_idOrdem, dataInicio, dataConclusao, lote) values (25, 24, 6, 104, '2023-06-16', '2023-12-15', 366897);
insert into historicoProducao (fk_idMaquina, fk_idOperador, fk_idEquipamento, fk_idOrdem, dataInicio, dataConclusao, lote) values (8, 42, 4, 105, '2023-06-16', '2023-12-15', 366897);
insert into historicoProducao (fk_idMaquina, fk_idOperador, fk_idEquipamento, fk_idOrdem, dataInicio, dataConclusao, lote) values (26, 34, 18, 106, '2023-06-16', '2023-12-15', 366897);
insert into historicoProducao (fk_idMaquina, fk_idOperador, fk_idEquipamento, fk_idOrdem, dataInicio, dataConclusao, lote) values (2, 28, 21, 107, '2023-06-16', '2023-12-15', 366897);
insert into historicoProducao (fk_idMaquina, fk_idOperador, fk_idEquipamento, fk_idOrdem, dataInicio, dataConclusao, lote) values (11, 46, 5, 108, '2023-06-16', '2023-12-15', 366897);
insert into historicoProducao (fk_idMaquina, fk_idOperador, fk_idEquipamento, fk_idOrdem, dataInicio, dataConclusao, lote) values (20, 43, 16, 109, '2023-06-16', '2023-12-15', 366897);
insert into historicoProducao (fk_idMaquina, fk_idOperador, fk_idEquipamento, fk_idOrdem, dataInicio, dataConclusao, lote) values (24, 32, 14, 110, '2023-06-16', '2023-12-15', 366897);
insert into historicoProducao (fk_idMaquina, fk_idOperador, fk_idEquipamento, fk_idOrdem, dataInicio, dataConclusao, lote) values (14, 29, 16, 111, '2023-06-16', '2023-12-15', 366897);
insert into historicoProducao (fk_idMaquina, fk_idOperador, fk_idEquipamento, fk_idOrdem, dataInicio, dataConclusao, lote) values (17, 38, 17, 112, '2023-06-16', '2023-12-15', 366897);
insert into historicoProducao (fk_idMaquina, fk_idOperador, fk_idEquipamento, fk_idOrdem, dataInicio, dataConclusao, lote) values (27, 10, 30, 113, '2023-06-16', '2023-12-15', 366897);
insert into historicoProducao (fk_idMaquina, fk_idOperador, fk_idEquipamento, fk_idOrdem, dataInicio, dataConclusao, lote) values (15, 16, 23, 114, '2023-06-16', '2023-12-15', 366897);
insert into historicoProducao (fk_idMaquina, fk_idOperador, fk_idEquipamento, fk_idOrdem, dataInicio, dataConclusao, lote) values (12, 2, 9, 115, '2023-06-16', '2023-12-15', 366897);
insert into historicoProducao (fk_idMaquina, fk_idOperador, fk_idEquipamento, fk_idOrdem, dataInicio, dataConclusao, lote) values (19, 30, 28, 116, '2023-06-16', '2023-12-15', 366897);
insert into historicoProducao (fk_idMaquina, fk_idOperador, fk_idEquipamento, fk_idOrdem, dataInicio, dataConclusao, lote) values (25, 15, 5, 117, '2023-06-16', '2023-12-15', 366897);
insert into historicoProducao (fk_idMaquina, fk_idOperador, fk_idEquipamento, fk_idOrdem, dataInicio, dataConclusao, lote) values (6, 22, 7, 118, '2023-06-16', '2023-12-15', 366897);
insert into historicoProducao (fk_idMaquina, fk_idOperador, fk_idEquipamento, fk_idOrdem, dataInicio, dataConclusao, lote) values (4, 7, 27, 119, '2023-06-16', '2023-12-15', 366897);
insert into historicoProducao (fk_idMaquina, fk_idOperador, fk_idEquipamento, fk_idOrdem, dataInicio, dataConclusao, lote) values (16, 29, 26, 120, '2023-06-16', '2023-12-15', 366897);
insert into historicoProducao (fk_idMaquina, fk_idOperador, fk_idEquipamento, fk_idOrdem, dataInicio, dataConclusao, lote) values (24, 8, 3, 121, '2023-06-16', '2023-12-15', 366897);
insert into historicoProducao (fk_idMaquina, fk_idOperador, fk_idEquipamento, fk_idOrdem, dataInicio, dataConclusao, lote) values (2, 41, 26, 122, '2023-06-16', '2023-12-15', 366897);
insert into historicoProducao (fk_idMaquina, fk_idOperador, fk_idEquipamento, fk_idOrdem, dataInicio, dataConclusao, lote) values (7, 12, 30, 123, '2023-06-16', '2023-12-15', 366897);
insert into historicoProducao (fk_idMaquina, fk_idOperador, fk_idEquipamento, fk_idOrdem, dataInicio, dataConclusao, lote) values (26, 14, 9, 124, '2023-06-16', '2023-12-15', 366897);
insert into historicoProducao (fk_idMaquina, fk_idOperador, fk_idEquipamento, fk_idOrdem, dataInicio, dataConclusao, lote) values (5, 5, 8, 125, '2023-06-16', '2023-12-15', 366897);
insert into historicoProducao (fk_idMaquina, fk_idOperador, fk_idEquipamento, fk_idOrdem, dataInicio, dataConclusao, lote) values (14, 30, 1, 126, '2023-06-16', '2023-12-15', 366897);
insert into historicoProducao (fk_idMaquina, fk_idOperador, fk_idEquipamento, fk_idOrdem, dataInicio, dataConclusao, lote) values (16, 42, 29, 127, '2023-06-16', '2023-12-15', 366897);
insert into historicoProducao (fk_idMaquina, fk_idOperador, fk_idEquipamento, fk_idOrdem, dataInicio, dataConclusao, lote) values (25, 36, 28, 128, '2023-06-16', '2023-12-15', 366897);
insert into historicoProducao (fk_idMaquina, fk_idOperador, fk_idEquipamento, fk_idOrdem, dataInicio, dataConclusao, lote) values (7, 11, 1, 129, '2023-06-16', '2023-12-15', 366897);
insert into historicoProducao (fk_idMaquina, fk_idOperador, fk_idEquipamento, fk_idOrdem, dataInicio, dataConclusao, lote) values (11, 6, 24, 130, '2023-06-16', '2023-12-15', 366897);
insert into historicoProducao (fk_idMaquina, fk_idOperador, fk_idEquipamento, fk_idOrdem, dataInicio, dataConclusao, lote) values (11, 2, 8, 131, '2023-06-16', '2023-12-15', 366897);
insert into historicoProducao (fk_idMaquina, fk_idOperador, fk_idEquipamento, fk_idOrdem, dataInicio, dataConclusao, lote) values (7, 43, 13, 132, '2023-06-16', '2023-12-15', 366897);
insert into historicoProducao (fk_idMaquina, fk_idOperador, fk_idEquipamento, fk_idOrdem, dataInicio, dataConclusao, lote) values (15, 17, 18, 133, '2023-06-16', '2023-12-15', 366897);
insert into historicoProducao (fk_idMaquina, fk_idOperador, fk_idEquipamento, fk_idOrdem, dataInicio, dataConclusao, lote) values (18, 21, 8, 134, '2023-06-16', '2023-12-15', 366897);
insert into historicoProducao (fk_idMaquina, fk_idOperador, fk_idEquipamento, fk_idOrdem, dataInicio, dataConclusao, lote) values (17, 34, 24, 135, '2023-06-16', '2023-12-15', 366897);
insert into historicoProducao (fk_idMaquina, fk_idOperador, fk_idEquipamento, fk_idOrdem, dataInicio, dataConclusao, lote) values (27, 48, 9, 136, '2023-06-16', '2023-12-15', 366897);
insert into historicoProducao (fk_idMaquina, fk_idOperador, fk_idEquipamento, fk_idOrdem, dataInicio, dataConclusao, lote) values (10, 10, 15, 137, '2023-06-16', '2023-12-15', 366897);
insert into historicoProducao (fk_idMaquina, fk_idOperador, fk_idEquipamento, fk_idOrdem, dataInicio, dataConclusao, lote) values (16, 25, 25, 138, '2023-06-16', '2023-12-15', 366897);
insert into historicoProducao (fk_idMaquina, fk_idOperador, fk_idEquipamento, fk_idOrdem, dataInicio, dataConclusao, lote) values (1, 12, 29, 139, '2023-06-16', '2023-12-15', 366897);
insert into historicoProducao (fk_idMaquina, fk_idOperador, fk_idEquipamento, fk_idOrdem, dataInicio, dataConclusao, lote) values (14, 33, 13, 140, '2023-06-16', '2023-12-15', 366897);
insert into historicoProducao (fk_idMaquina, fk_idOperador, fk_idEquipamento, fk_idOrdem, dataInicio, dataConclusao, lote) values (29, 34, 11, 141, '2023-06-16', '2023-12-15', 366897);
insert into historicoProducao (fk_idMaquina, fk_idOperador, fk_idEquipamento, fk_idOrdem, dataInicio, dataConclusao, lote) values (15, 46, 16, 142, '2023-06-16', '2023-12-15', 366897);
insert into historicoProducao (fk_idMaquina, fk_idOperador, fk_idEquipamento, fk_idOrdem, dataInicio, dataConclusao, lote) values (22, 23, 14, 143, '2023-06-16', '2023-12-15', 366897);
insert into historicoProducao (fk_idMaquina, fk_idOperador, fk_idEquipamento, fk_idOrdem, dataInicio, dataConclusao, lote) values (3, 21, 16, 144, '2023-06-16', '2023-12-15', 366897);
insert into historicoProducao (fk_idMaquina, fk_idOperador, fk_idEquipamento, fk_idOrdem, dataInicio, dataConclusao, lote) values (9, 32, 2, 145, '2023-06-16', '2023-12-15', 366897);
insert into historicoProducao (fk_idMaquina, fk_idOperador, fk_idEquipamento, fk_idOrdem, dataInicio, dataConclusao, lote) values (12, 6, 27, 146, '2023-06-16', '2023-12-15', 366897);
insert into historicoProducao (fk_idMaquina, fk_idOperador, fk_idEquipamento, fk_idOrdem, dataInicio, dataConclusao, lote) values (24, 8, 16, 147, '2023-06-16', '2023-12-15', 366897);
insert into historicoProducao (fk_idMaquina, fk_idOperador, fk_idEquipamento, fk_idOrdem, dataInicio, dataConclusao, lote) values (20, 25, 14, 148, '2023-06-16', '2023-12-15', 366897);
insert into historicoProducao (fk_idMaquina, fk_idOperador, fk_idEquipamento, fk_idOrdem, dataInicio, dataConclusao, lote) values (21, 41, 9, 149, '2023-06-16', '2023-12-15', 366897);
insert into historicoProducao (fk_idMaquina, fk_idOperador, fk_idEquipamento, fk_idOrdem, dataInicio, dataConclusao, lote) values (21, 48, 21, 150, '2023-06-16', '2023-12-15', 366897);
insert into historicoProducao (fk_idMaquina, fk_idOperador, fk_idEquipamento, fk_idOrdem, dataInicio, dataConclusao, lote) values (10, 18, 14, 151, '2023-06-16', '2023-12-15', 366897);
insert into historicoProducao (fk_idMaquina, fk_idOperador, fk_idEquipamento, fk_idOrdem, dataInicio, dataConclusao, lote) values (3, 1, 20, 152, '2023-06-16', '2023-12-15', 366897);
insert into historicoProducao (fk_idMaquina, fk_idOperador, fk_idEquipamento, fk_idOrdem, dataInicio, dataConclusao, lote) values (5, 34, 18, 153, '2023-06-16', '2023-12-15', 366897);
insert into historicoProducao (fk_idMaquina, fk_idOperador, fk_idEquipamento, fk_idOrdem, dataInicio, dataConclusao, lote) values (12, 8, 20, 154, '2023-06-16', '2023-12-15', 366897);
insert into historicoProducao (fk_idMaquina, fk_idOperador, fk_idEquipamento, fk_idOrdem, dataInicio, dataConclusao, lote) values (13, 29, 11, 155, '2023-06-16', '2023-12-15', 366897);
insert into historicoProducao (fk_idMaquina, fk_idOperador, fk_idEquipamento, fk_idOrdem, dataInicio, dataConclusao, lote) values (25, 16, 11, 156, '2023-06-16', '2023-12-15', 366897);
insert into historicoProducao (fk_idMaquina, fk_idOperador, fk_idEquipamento, fk_idOrdem, dataInicio, dataConclusao, lote) values (21, 10, 27, 157, '2023-06-16', '2023-12-15', 366897);
insert into historicoProducao (fk_idMaquina, fk_idOperador, fk_idEquipamento, fk_idOrdem, dataInicio, dataConclusao, lote) values (12, 1, 10, 158, '2023-06-16', '2023-12-15', 366897);

select * from historicoProducao; -- certo